Timing Analyzer report for AA2380_MAXV_v001
Wed Sep 10 16:09:06 2025
Quartus Prime Version 23.1std.0 Build 991 11/28/2023 Patches 0.02std SC Lite Edition


---------------------
; Table of Contents ;
---------------------
  1. Legal Notice
  2. Timing Analyzer Summary
  3. Parallel Compilation
  4. SDC File List
  5. Clocks
  6. Fmax Summary
  7. Setup Summary
  8. Hold Summary
  9. Recovery Summary
 10. Removal Summary
 11. Minimum Pulse Width Summary
 12. Setup: 'spi_slave:inst7|rx[0]'
 13. Setup: 'F0_CE_CLOCKS:inst12|MCLKDV64'
 14. Setup: 'IN_PIN2'
 15. Setup: 'CLKIN_xN'
 16. Setup: 'F7_ReadyIII:inst8|CLK_1kHz'
 17. Setup: 'F0_CE_CLOCKS:inst12|MCLKDV8'
 18. Setup: 'LUT_counter128P:inst11|LUTclk'
 19. Setup: 'MASTER_LRCK'
 20. Hold: 'F0_CE_CLOCKS:inst12|MCLKDV64'
 21. Hold: 'F0_CE_CLOCKS:inst12|MCLKDV8'
 22. Hold: 'IN_PIN2'
 23. Hold: 'CLKIN_xN'
 24. Hold: 'LUT_counter128P:inst11|LUTclk'
 25. Hold: 'MASTER_LRCK'
 26. Hold: 'spi_slave:inst7|rx[0]'
 27. Hold: 'F7_ReadyIII:inst8|CLK_1kHz'
 28. Recovery: 'F0_CE_CLOCKS:inst12|MCLKDV8'
 29. Recovery: 'IN_PIN2'
 30. Removal: 'IN_PIN2'
 31. Removal: 'F0_CE_CLOCKS:inst12|MCLKDV8'
 32. Setup Transfers
 33. Hold Transfers
 34. Recovery Transfers
 35. Removal Transfers
 36. Report TCCS
 37. Report RSKM
 38. Unconstrained Paths Summary
 39. Clock Status Summary
 40. Unconstrained Input Ports
 41. Unconstrained Output Ports
 42. Unconstrained Input Ports
 43. Unconstrained Output Ports
 44. Timing Analyzer Messages



----------------
; Legal Notice ;
----------------
Copyright (C) 2023  Intel Corporation. All rights reserved.
Your use of Intel Corporation's design tools, logic functions 
and other software and tools, and any partner logic 
functions, and any output files from any of the foregoing 
(including device programming or simulation files), and any 
associated documentation or information are expressly subject 
to the terms and conditions of the Intel Program License 
Subscription Agreement, the Intel Quartus Prime License Agreement,
the Intel FPGA IP License Agreement, or other applicable license
agreement, including, without limitation, that your use is for
the sole purpose of programming logic devices manufactured by
Intel and sold by Intel or its authorized distributors.  Please
refer to the applicable agreement for further details, at
https://fpgasoftware.intel.com/eula.



+------------------------------------------------------------------------------------------------+
; Timing Analyzer Summary                                                                        ;
+-----------------------+------------------------------------------------------------------------+
; Quartus Prime Version ; Version 23.1std.0 Build 991 11/28/2023 Patches 0.02std SC Lite Edition ;
; Timing Analyzer       ; Legacy Timing Analyzer                                                 ;
; Revision Name         ; AA2380_MAXV_v001                                                       ;
; Device Family         ; MAX V                                                                  ;
; Device Name           ; 5M570ZT100C5                                                           ;
; Timing Models         ; Final                                                                  ;
; Delay Model           ; Slow Model                                                             ;
; Rise/Fall Delays      ; Unavailable                                                            ;
+-----------------------+------------------------------------------------------------------------+


+------------------------------------------+
; Parallel Compilation                     ;
+----------------------------+-------------+
; Processors                 ; Number      ;
+----------------------------+-------------+
; Number detected on machine ; 4           ;
; Maximum allowed            ; 4           ;
;                            ;             ;
; Average used               ; 1.00        ;
; Maximum used               ; 1           ;
;                            ;             ;
; Usage by Processor         ; % Time Used ;
;     Processor 1            ; 100.0%      ;
+----------------------------+-------------+


+----------------------------------------------------------+
; SDC File List                                            ;
+----------------------+--------+--------------------------+
; SDC File Path        ; Status ; Read at                  ;
+----------------------+--------+--------------------------+
; AA2380_MAXV_v001.sdc ; OK     ; Wed Sep 10 16:09:06 2025 ;
+----------------------+--------+--------------------------+


+------------------------------------------------------------------------------------------------------------------------------------------------------------------------------------------------------------------------------+
; Clocks                                                                                                                                                                                                                       ;
+-------------------------------+------+--------+------------+-------+-------+------------+-----------+-------------+-------+--------+-----------+------------+----------+--------+--------+-----------------------------------+
; Clock Name                    ; Type ; Period ; Frequency  ; Rise  ; Fall  ; Duty Cycle ; Divide by ; Multiply by ; Phase ; Offset ; Edge List ; Edge Shift ; Inverted ; Master ; Source ; Targets                           ;
+-------------------------------+------+--------+------------+-------+-------+------------+-----------+-------------+-------+--------+-----------+------------+----------+--------+--------+-----------------------------------+
; CLKIN_xN                      ; Base ; 1.000  ; 1000.0 MHz ; 0.000 ; 0.500 ;            ;           ;             ;       ;        ;           ;            ;          ;        ;        ; { CLKIN_xN }                      ;
; F0_CE_CLOCKS:inst12|MCLKDV8   ; Base ; 1.000  ; 1000.0 MHz ; 0.000 ; 0.500 ;            ;           ;             ;       ;        ;           ;            ;          ;        ;        ; { F0_CE_CLOCKS:inst12|MCLKDV8 }   ;
; F0_CE_CLOCKS:inst12|MCLKDV64  ; Base ; 1.000  ; 1000.0 MHz ; 0.000 ; 0.500 ;            ;           ;             ;       ;        ;           ;            ;          ;        ;        ; { F0_CE_CLOCKS:inst12|MCLKDV64 }  ;
; F7_ReadyIII:inst8|CLK_1kHz    ; Base ; 1.000  ; 1000.0 MHz ; 0.000 ; 0.500 ;            ;           ;             ;       ;        ;           ;            ;          ;        ;        ; { F7_ReadyIII:inst8|CLK_1kHz }    ;
; IN_PIN2                       ; Base ; 1.000  ; 1000.0 MHz ; 0.000 ; 0.500 ;            ;           ;             ;       ;        ;           ;            ;          ;        ;        ; { IN_PIN2 }                       ;
; LUT_counter128P:inst11|LUTclk ; Base ; 1.000  ; 1000.0 MHz ; 0.000 ; 0.500 ;            ;           ;             ;       ;        ;           ;            ;          ;        ;        ; { LUT_counter128P:inst11|LUTclk } ;
; MASTER_LRCK                   ; Base ; 1.000  ; 1000.0 MHz ; 0.000 ; 0.500 ;            ;           ;             ;       ;        ;           ;            ;          ;        ;        ; { MASTER_LRCK }                   ;
; spi_slave:inst7|rx[0]         ; Base ; 1.000  ; 1000.0 MHz ; 0.000 ; 0.500 ;            ;           ;             ;       ;        ;           ;            ;          ;        ;        ; { spi_slave:inst7|rx[0] }         ;
+-------------------------------+------+--------+------------+-------+-------+------------+-----------+-------------+-------+--------+-----------+------------+----------+--------+--------+-----------------------------------+


+---------------------------------------------------------------------+
; Fmax Summary                                                        ;
+------------+-----------------+-------------------------------+------+
; Fmax       ; Restricted Fmax ; Clock Name                    ; Note ;
+------------+-----------------+-------------------------------+------+
; 28.92 MHz  ; 28.92 MHz       ; spi_slave:inst7|rx[0]         ;      ;
; 61.4 MHz   ; 61.4 MHz        ; F0_CE_CLOCKS:inst12|MCLKDV64  ;      ;
; 61.55 MHz  ; 61.55 MHz       ; IN_PIN2                       ;      ;
; 65.24 MHz  ; 65.24 MHz       ; CLKIN_xN                      ;      ;
; 69.32 MHz  ; 69.32 MHz       ; F7_ReadyIII:inst8|CLK_1kHz    ;      ;
; 99.72 MHz  ; 99.72 MHz       ; F0_CE_CLOCKS:inst12|MCLKDV8   ;      ;
; 128.11 MHz ; 128.11 MHz      ; LUT_counter128P:inst11|LUTclk ;      ;
; 142.41 MHz ; 142.41 MHz      ; MASTER_LRCK                   ;      ;
+------------+-----------------+-------------------------------+------+
This panel reports FMAX for every clock in the design, regardless of the user-specified clock periods.  FMAX is only computed for paths where the source and destination registers or ports are driven by the same clock.  Paths of different clocks, including generated clocks, are ignored.  For paths between a clock and its inversion, FMAX is computed as if the rising and falling edges are scaled along with FMAX, such that the duty cycle (in terms of a percentage) is maintained. Altera recommends that you always use clock constraints and other slack reports for sign-off analysis.


+---------------------------------------------------------+
; Setup Summary                                           ;
+-------------------------------+---------+---------------+
; Clock                         ; Slack   ; End Point TNS ;
+-------------------------------+---------+---------------+
; spi_slave:inst7|rx[0]         ; -33.425 ; -33.425       ;
; F0_CE_CLOCKS:inst12|MCLKDV64  ; -15.287 ; -134.185      ;
; IN_PIN2                       ; -15.246 ; -443.389      ;
; CLKIN_xN                      ; -14.329 ; -159.038      ;
; F7_ReadyIII:inst8|CLK_1kHz    ; -13.425 ; -134.235      ;
; F0_CE_CLOCKS:inst12|MCLKDV8   ; -9.028  ; -80.656       ;
; LUT_counter128P:inst11|LUTclk ; -6.806  ; -39.264       ;
; MASTER_LRCK                   ; -6.022  ; -19.841       ;
+-------------------------------+---------+---------------+


+--------------------------------------------------------+
; Hold Summary                                           ;
+-------------------------------+--------+---------------+
; Clock                         ; Slack  ; End Point TNS ;
+-------------------------------+--------+---------------+
; F0_CE_CLOCKS:inst12|MCLKDV64  ; -3.279 ; -3.279        ;
; F0_CE_CLOCKS:inst12|MCLKDV8   ; 1.187  ; 0.000         ;
; IN_PIN2                       ; 1.187  ; 0.000         ;
; CLKIN_xN                      ; 3.351  ; 0.000         ;
; LUT_counter128P:inst11|LUTclk ; 3.386  ; 0.000         ;
; MASTER_LRCK                   ; 3.777  ; 0.000         ;
; spi_slave:inst7|rx[0]         ; 4.183  ; 0.000         ;
; F7_ReadyIII:inst8|CLK_1kHz    ; 5.217  ; 0.000         ;
+-------------------------------+--------+---------------+


+-------------------------------------------------------+
; Recovery Summary                                      ;
+-----------------------------+---------+---------------+
; Clock                       ; Slack   ; End Point TNS ;
+-----------------------------+---------+---------------+
; F0_CE_CLOCKS:inst12|MCLKDV8 ; -11.814 ; -225.926      ;
; IN_PIN2                     ; 0.961   ; 0.000         ;
+-----------------------------+---------+---------------+


+------------------------------------------------------+
; Removal Summary                                      ;
+-----------------------------+--------+---------------+
; Clock                       ; Slack  ; End Point TNS ;
+-----------------------------+--------+---------------+
; IN_PIN2                     ; -3.973 ; -175.989      ;
; F0_CE_CLOCKS:inst12|MCLKDV8 ; 4.802  ; 0.000         ;
+-----------------------------+--------+---------------+


+--------------------------------------------------------+
; Minimum Pulse Width Summary                            ;
+-------------------------------+--------+---------------+
; Clock                         ; Slack  ; End Point TNS ;
+-------------------------------+--------+---------------+
; CLKIN_xN                      ; -2.289 ; -2.289        ;
; IN_PIN2                       ; -2.289 ; -2.289        ;
; MASTER_LRCK                   ; -2.289 ; -2.289        ;
; F0_CE_CLOCKS:inst12|MCLKDV64  ; 0.161  ; 0.000         ;
; F0_CE_CLOCKS:inst12|MCLKDV8   ; 0.161  ; 0.000         ;
; F7_ReadyIII:inst8|CLK_1kHz    ; 0.161  ; 0.000         ;
; LUT_counter128P:inst11|LUTclk ; 0.161  ; 0.000         ;
; spi_slave:inst7|rx[0]         ; 0.500  ; 0.000         ;
+-------------------------------+--------+---------------+


+---------------------------------------------------------------------------------------------------------------------------------------------------------------------+
; Setup: 'spi_slave:inst7|rx[0]'                                                                                                                                      ;
+---------+----------------------------------+-------------------------------+-----------------------+-----------------------+--------------+------------+------------+
; Slack   ; From Node                        ; To Node                       ; Launch Clock          ; Latch Clock           ; Relationship ; Clock Skew ; Data Delay ;
+---------+----------------------------------+-------------------------------+-----------------------+-----------------------+--------------+------------+------------+
; -33.425 ; spi_slave:inst7|rx[1]            ; LUT_counter128P:inst11|LUTclk ; IN_PIN2               ; spi_slave:inst7|rx[0] ; 1.000        ; -6.708     ; 16.340     ;
; -29.051 ; spi_slave:inst7|rx[2]            ; LUT_counter128P:inst11|LUTclk ; IN_PIN2               ; spi_slave:inst7|rx[0] ; 1.000        ; -6.707     ; 11.967     ;
; -23.032 ; LUT_counter128P:inst11|CNTdiv[1] ; LUT_counter128P:inst11|LUTclk ; MASTER_LRCK           ; spi_slave:inst7|rx[0] ; 0.500        ; 2.358      ; 14.513     ;
; -21.533 ; LUT_counter128P:inst11|CNTdiv[2] ; LUT_counter128P:inst11|LUTclk ; MASTER_LRCK           ; spi_slave:inst7|rx[0] ; 0.500        ; 2.358      ; 13.014     ;
; -18.920 ; LUT_counter128P:inst11|CNTdiv[0] ; LUT_counter128P:inst11|LUTclk ; MASTER_LRCK           ; spi_slave:inst7|rx[0] ; 0.500        ; 2.358      ; 10.401     ;
; -18.896 ; LUT_counter128P:inst11|CNTdiv[3] ; LUT_counter128P:inst11|LUTclk ; MASTER_LRCK           ; spi_slave:inst7|rx[0] ; 0.500        ; 2.358      ; 10.377     ;
; -18.583 ; MASTER_LRCK                      ; LUT_counter128P:inst11|LUTclk ; MASTER_LRCK           ; spi_slave:inst7|rx[0] ; 0.500        ; 11.077     ; 18.783     ;
; -18.083 ; MASTER_LRCK                      ; LUT_counter128P:inst11|LUTclk ; MASTER_LRCK           ; spi_slave:inst7|rx[0] ; 1.000        ; 11.077     ; 18.783     ;
; -16.787 ; spi_slave:inst7|rx[0]            ; LUT_counter128P:inst11|LUTclk ; spi_slave:inst7|rx[0] ; spi_slave:inst7|rx[0] ; 0.500        ; 11.077     ; 16.987     ;
; -16.287 ; spi_slave:inst7|rx[0]            ; LUT_counter128P:inst11|LUTclk ; spi_slave:inst7|rx[0] ; spi_slave:inst7|rx[0] ; 1.000        ; 11.077     ; 16.987     ;
+---------+----------------------------------+-------------------------------+-----------------------+-----------------------+--------------+------------+------------+


+------------------------------------------------------------------------------------------------------------------------------------------------------------------------------+
; Setup: 'F0_CE_CLOCKS:inst12|MCLKDV64'                                                                                                                                        ;
+---------+------------------------------+------------------------------+------------------------------+------------------------------+--------------+------------+------------+
; Slack   ; From Node                    ; To Node                      ; Launch Clock                 ; Latch Clock                  ; Relationship ; Clock Skew ; Data Delay ;
+---------+------------------------------+------------------------------+------------------------------+------------------------------+--------------+------------+------------+
; -15.287 ; F7_ReadyIII:inst8|slowcnt[8] ; F7_ReadyIII:inst8|CLK_1kHz   ; F0_CE_CLOCKS:inst12|MCLKDV64 ; F0_CE_CLOCKS:inst12|MCLKDV64 ; 1.000        ; 2.094      ; 18.060     ;
; -15.101 ; F7_ReadyIII:inst8|slowcnt[9] ; F7_ReadyIII:inst8|CLK_1kHz   ; F0_CE_CLOCKS:inst12|MCLKDV64 ; F0_CE_CLOCKS:inst12|MCLKDV64 ; 1.000        ; 2.094      ; 17.874     ;
; -14.029 ; F7_ReadyIII:inst8|slowcnt[1] ; F7_ReadyIII:inst8|slowcnt[7] ; F0_CE_CLOCKS:inst12|MCLKDV64 ; F0_CE_CLOCKS:inst12|MCLKDV64 ; 1.000        ; 0.000      ; 14.708     ;
; -13.374 ; F7_ReadyIII:inst8|slowcnt[8] ; F7_ReadyIII:inst8|slowcnt[9] ; F0_CE_CLOCKS:inst12|MCLKDV64 ; F0_CE_CLOCKS:inst12|MCLKDV64 ; 1.000        ; 0.000      ; 14.053     ;
; -13.373 ; F7_ReadyIII:inst8|slowcnt[8] ; F7_ReadyIII:inst8|slowcnt[8] ; F0_CE_CLOCKS:inst12|MCLKDV64 ; F0_CE_CLOCKS:inst12|MCLKDV64 ; 1.000        ; 0.000      ; 14.052     ;
; -13.300 ; F7_ReadyIII:inst8|slowcnt[5] ; F7_ReadyIII:inst8|slowcnt[7] ; F0_CE_CLOCKS:inst12|MCLKDV64 ; F0_CE_CLOCKS:inst12|MCLKDV64 ; 1.000        ; 0.000      ; 13.979     ;
; -13.188 ; F7_ReadyIII:inst8|slowcnt[9] ; F7_ReadyIII:inst8|slowcnt[9] ; F0_CE_CLOCKS:inst12|MCLKDV64 ; F0_CE_CLOCKS:inst12|MCLKDV64 ; 1.000        ; 0.000      ; 13.867     ;
; -13.187 ; F7_ReadyIII:inst8|slowcnt[9] ; F7_ReadyIII:inst8|slowcnt[8] ; F0_CE_CLOCKS:inst12|MCLKDV64 ; F0_CE_CLOCKS:inst12|MCLKDV64 ; 1.000        ; 0.000      ; 13.866     ;
; -13.120 ; F7_ReadyIII:inst8|slowcnt[1] ; F7_ReadyIII:inst8|slowcnt[3] ; F0_CE_CLOCKS:inst12|MCLKDV64 ; F0_CE_CLOCKS:inst12|MCLKDV64 ; 1.000        ; -3.441     ; 10.358     ;
; -13.107 ; F7_ReadyIII:inst8|slowcnt[0] ; F7_ReadyIII:inst8|CLK_1kHz   ; F0_CE_CLOCKS:inst12|MCLKDV64 ; F0_CE_CLOCKS:inst12|MCLKDV64 ; 1.000        ; 4.436      ; 18.222     ;
; -13.013 ; F7_ReadyIII:inst8|slowcnt[1] ; F7_ReadyIII:inst8|slowcnt[8] ; F0_CE_CLOCKS:inst12|MCLKDV64 ; F0_CE_CLOCKS:inst12|MCLKDV64 ; 1.000        ; 0.000      ; 13.692     ;
; -12.959 ; F7_ReadyIII:inst8|slowcnt[1] ; F7_ReadyIII:inst8|slowcnt[2] ; F0_CE_CLOCKS:inst12|MCLKDV64 ; F0_CE_CLOCKS:inst12|MCLKDV64 ; 1.000        ; -3.441     ; 10.197     ;
; -12.751 ; F7_ReadyIII:inst8|slowcnt[1] ; F7_ReadyIII:inst8|slowcnt[6] ; F0_CE_CLOCKS:inst12|MCLKDV64 ; F0_CE_CLOCKS:inst12|MCLKDV64 ; 1.000        ; -3.441     ; 9.989      ;
; -12.620 ; F7_ReadyIII:inst8|slowcnt[7] ; F7_ReadyIII:inst8|slowcnt[8] ; F0_CE_CLOCKS:inst12|MCLKDV64 ; F0_CE_CLOCKS:inst12|MCLKDV64 ; 1.000        ; 0.000      ; 13.299     ;
; -12.480 ; F7_ReadyIII:inst8|slowcnt[6] ; F7_ReadyIII:inst8|CLK_1kHz   ; F0_CE_CLOCKS:inst12|MCLKDV64 ; F0_CE_CLOCKS:inst12|MCLKDV64 ; 1.000        ; 5.535      ; 18.694     ;
; -12.444 ; F7_ReadyIII:inst8|slowcnt[5] ; F7_ReadyIII:inst8|slowcnt[8] ; F0_CE_CLOCKS:inst12|MCLKDV64 ; F0_CE_CLOCKS:inst12|MCLKDV64 ; 1.000        ; 0.000      ; 13.123     ;
; -12.422 ; F7_ReadyIII:inst8|slowcnt[1] ; F7_ReadyIII:inst8|slowcnt[9] ; F0_CE_CLOCKS:inst12|MCLKDV64 ; F0_CE_CLOCKS:inst12|MCLKDV64 ; 1.000        ; 0.000      ; 13.101     ;
; -12.372 ; F7_ReadyIII:inst8|slowcnt[7] ; F7_ReadyIII:inst8|slowcnt[7] ; F0_CE_CLOCKS:inst12|MCLKDV64 ; F0_CE_CLOCKS:inst12|MCLKDV64 ; 1.000        ; 0.000      ; 13.051     ;
; -12.205 ; F7_ReadyIII:inst8|slowcnt[1] ; F7_ReadyIII:inst8|slowcnt[4] ; F0_CE_CLOCKS:inst12|MCLKDV64 ; F0_CE_CLOCKS:inst12|MCLKDV64 ; 1.000        ; -3.441     ; 9.443      ;
; -12.204 ; F7_ReadyIII:inst8|slowcnt[1] ; F7_ReadyIII:inst8|slowcnt[1] ; F0_CE_CLOCKS:inst12|MCLKDV64 ; F0_CE_CLOCKS:inst12|MCLKDV64 ; 1.000        ; 0.000      ; 12.883     ;
; -12.189 ; F7_ReadyIII:inst8|slowcnt[7] ; F7_ReadyIII:inst8|slowcnt[9] ; F0_CE_CLOCKS:inst12|MCLKDV64 ; F0_CE_CLOCKS:inst12|MCLKDV64 ; 1.000        ; 0.000      ; 12.868     ;
; -12.172 ; F7_ReadyIII:inst8|slowcnt[1] ; F7_ReadyIII:inst8|slowcnt[5] ; F0_CE_CLOCKS:inst12|MCLKDV64 ; F0_CE_CLOCKS:inst12|MCLKDV64 ; 1.000        ; 0.000      ; 12.851     ;
; -12.013 ; F7_ReadyIII:inst8|slowcnt[5] ; F7_ReadyIII:inst8|slowcnt[9] ; F0_CE_CLOCKS:inst12|MCLKDV64 ; F0_CE_CLOCKS:inst12|MCLKDV64 ; 1.000        ; 0.000      ; 12.692     ;
; -11.862 ; F7_ReadyIII:inst8|slowcnt[5] ; F7_ReadyIII:inst8|slowcnt[6] ; F0_CE_CLOCKS:inst12|MCLKDV64 ; F0_CE_CLOCKS:inst12|MCLKDV64 ; 1.000        ; -3.441     ; 9.100      ;
; -11.769 ; F7_ReadyIII:inst8|slowcnt[0] ; F7_ReadyIII:inst8|slowcnt[7] ; F0_CE_CLOCKS:inst12|MCLKDV64 ; F0_CE_CLOCKS:inst12|MCLKDV64 ; 1.000        ; 2.342      ; 14.790     ;
; -11.194 ; F7_ReadyIII:inst8|slowcnt[0] ; F7_ReadyIII:inst8|slowcnt[9] ; F0_CE_CLOCKS:inst12|MCLKDV64 ; F0_CE_CLOCKS:inst12|MCLKDV64 ; 1.000        ; 2.342      ; 14.215     ;
; -11.193 ; F7_ReadyIII:inst8|slowcnt[0] ; F7_ReadyIII:inst8|slowcnt[8] ; F0_CE_CLOCKS:inst12|MCLKDV64 ; F0_CE_CLOCKS:inst12|MCLKDV64 ; 1.000        ; 2.342      ; 14.214     ;
; -10.860 ; F7_ReadyIII:inst8|slowcnt[0] ; F7_ReadyIII:inst8|slowcnt[3] ; F0_CE_CLOCKS:inst12|MCLKDV64 ; F0_CE_CLOCKS:inst12|MCLKDV64 ; 1.000        ; -1.099     ; 10.440     ;
; -10.794 ; F7_ReadyIII:inst8|slowcnt[0] ; F7_ReadyIII:inst8|slowcnt[1] ; F0_CE_CLOCKS:inst12|MCLKDV64 ; F0_CE_CLOCKS:inst12|MCLKDV64 ; 1.000        ; 2.342      ; 13.815     ;
; -10.712 ; F7_ReadyIII:inst8|slowcnt[7] ; F7_ReadyIII:inst8|CLK_1kHz   ; F0_CE_CLOCKS:inst12|MCLKDV64 ; F0_CE_CLOCKS:inst12|MCLKDV64 ; 1.000        ; 2.094      ; 13.485     ;
; -10.699 ; F7_ReadyIII:inst8|slowcnt[0] ; F7_ReadyIII:inst8|slowcnt[2] ; F0_CE_CLOCKS:inst12|MCLKDV64 ; F0_CE_CLOCKS:inst12|MCLKDV64 ; 1.000        ; -1.099     ; 10.279     ;
; -10.567 ; F7_ReadyIII:inst8|slowcnt[6] ; F7_ReadyIII:inst8|slowcnt[9] ; F0_CE_CLOCKS:inst12|MCLKDV64 ; F0_CE_CLOCKS:inst12|MCLKDV64 ; 1.000        ; 3.441      ; 14.687     ;
; -10.566 ; F7_ReadyIII:inst8|slowcnt[6] ; F7_ReadyIII:inst8|slowcnt[8] ; F0_CE_CLOCKS:inst12|MCLKDV64 ; F0_CE_CLOCKS:inst12|MCLKDV64 ; 1.000        ; 3.441      ; 14.686     ;
; -10.491 ; F7_ReadyIII:inst8|slowcnt[0] ; F7_ReadyIII:inst8|slowcnt[6] ; F0_CE_CLOCKS:inst12|MCLKDV64 ; F0_CE_CLOCKS:inst12|MCLKDV64 ; 1.000        ; -1.099     ; 10.071     ;
; -10.273 ; F7_ReadyIII:inst8|slowcnt[5] ; F7_ReadyIII:inst8|slowcnt[5] ; F0_CE_CLOCKS:inst12|MCLKDV64 ; F0_CE_CLOCKS:inst12|MCLKDV64 ; 1.000        ; 0.000      ; 10.952     ;
; -9.945  ; F7_ReadyIII:inst8|slowcnt[0] ; F7_ReadyIII:inst8|slowcnt[4] ; F0_CE_CLOCKS:inst12|MCLKDV64 ; F0_CE_CLOCKS:inst12|MCLKDV64 ; 1.000        ; -1.099     ; 9.525      ;
; -9.912  ; F7_ReadyIII:inst8|slowcnt[0] ; F7_ReadyIII:inst8|slowcnt[5] ; F0_CE_CLOCKS:inst12|MCLKDV64 ; F0_CE_CLOCKS:inst12|MCLKDV64 ; 1.000        ; 2.342      ; 12.933     ;
; -9.530  ; F7_ReadyIII:inst8|slowcnt[4] ; F7_ReadyIII:inst8|slowcnt[7] ; F0_CE_CLOCKS:inst12|MCLKDV64 ; F0_CE_CLOCKS:inst12|MCLKDV64 ; 1.000        ; 3.441      ; 13.650     ;
; -9.350  ; F7_ReadyIII:inst8|slowcnt[2] ; F7_ReadyIII:inst8|slowcnt[7] ; F0_CE_CLOCKS:inst12|MCLKDV64 ; F0_CE_CLOCKS:inst12|MCLKDV64 ; 1.000        ; 3.441      ; 13.470     ;
; -9.191  ; F7_ReadyIII:inst8|slowcnt[3] ; F7_ReadyIII:inst8|slowcnt[7] ; F0_CE_CLOCKS:inst12|MCLKDV64 ; F0_CE_CLOCKS:inst12|MCLKDV64 ; 1.000        ; 3.441      ; 13.311     ;
; -9.112  ; F7_ReadyIII:inst8|slowcnt[6] ; F7_ReadyIII:inst8|slowcnt[7] ; F0_CE_CLOCKS:inst12|MCLKDV64 ; F0_CE_CLOCKS:inst12|MCLKDV64 ; 1.000        ; 3.441      ; 13.232     ;
; -8.741  ; F7_ReadyIII:inst8|slowcnt[2] ; F7_ReadyIII:inst8|CLK_1kHz   ; F0_CE_CLOCKS:inst12|MCLKDV64 ; F0_CE_CLOCKS:inst12|MCLKDV64 ; 1.000        ; 5.535      ; 14.955     ;
; -8.514  ; F7_ReadyIII:inst8|slowcnt[4] ; F7_ReadyIII:inst8|slowcnt[8] ; F0_CE_CLOCKS:inst12|MCLKDV64 ; F0_CE_CLOCKS:inst12|MCLKDV64 ; 1.000        ; 3.441      ; 12.634     ;
; -8.491  ; F7_ReadyIII:inst8|slowcnt[3] ; F7_ReadyIII:inst8|CLK_1kHz   ; F0_CE_CLOCKS:inst12|MCLKDV64 ; F0_CE_CLOCKS:inst12|MCLKDV64 ; 1.000        ; 5.535      ; 14.705     ;
; -8.441  ; F7_ReadyIII:inst8|slowcnt[2] ; F7_ReadyIII:inst8|slowcnt[3] ; F0_CE_CLOCKS:inst12|MCLKDV64 ; F0_CE_CLOCKS:inst12|MCLKDV64 ; 1.000        ; 0.000      ; 9.120      ;
; -8.334  ; F7_ReadyIII:inst8|slowcnt[2] ; F7_ReadyIII:inst8|slowcnt[8] ; F0_CE_CLOCKS:inst12|MCLKDV64 ; F0_CE_CLOCKS:inst12|MCLKDV64 ; 1.000        ; 3.441      ; 12.454     ;
; -8.252  ; F7_ReadyIII:inst8|slowcnt[4] ; F7_ReadyIII:inst8|slowcnt[6] ; F0_CE_CLOCKS:inst12|MCLKDV64 ; F0_CE_CLOCKS:inst12|MCLKDV64 ; 1.000        ; 0.000      ; 8.931      ;
; -8.175  ; F7_ReadyIII:inst8|slowcnt[3] ; F7_ReadyIII:inst8|slowcnt[8] ; F0_CE_CLOCKS:inst12|MCLKDV64 ; F0_CE_CLOCKS:inst12|MCLKDV64 ; 1.000        ; 3.441      ; 12.295     ;
; -8.072  ; F7_ReadyIII:inst8|slowcnt[2] ; F7_ReadyIII:inst8|slowcnt[6] ; F0_CE_CLOCKS:inst12|MCLKDV64 ; F0_CE_CLOCKS:inst12|MCLKDV64 ; 1.000        ; 0.000      ; 8.751      ;
; -7.923  ; F7_ReadyIII:inst8|slowcnt[4] ; F7_ReadyIII:inst8|slowcnt[9] ; F0_CE_CLOCKS:inst12|MCLKDV64 ; F0_CE_CLOCKS:inst12|MCLKDV64 ; 1.000        ; 3.441      ; 12.043     ;
; -7.913  ; F7_ReadyIII:inst8|slowcnt[3] ; F7_ReadyIII:inst8|slowcnt[6] ; F0_CE_CLOCKS:inst12|MCLKDV64 ; F0_CE_CLOCKS:inst12|MCLKDV64 ; 1.000        ; 0.000      ; 8.592      ;
; -7.743  ; F7_ReadyIII:inst8|slowcnt[2] ; F7_ReadyIII:inst8|slowcnt[9] ; F0_CE_CLOCKS:inst12|MCLKDV64 ; F0_CE_CLOCKS:inst12|MCLKDV64 ; 1.000        ; 3.441      ; 11.863     ;
; -7.682  ; F7_ReadyIII:inst8|slowcnt[5] ; F7_ReadyIII:inst8|CLK_1kHz   ; F0_CE_CLOCKS:inst12|MCLKDV64 ; F0_CE_CLOCKS:inst12|MCLKDV64 ; 1.000        ; 2.094      ; 10.455     ;
; -7.673  ; F7_ReadyIII:inst8|slowcnt[4] ; F7_ReadyIII:inst8|slowcnt[5] ; F0_CE_CLOCKS:inst12|MCLKDV64 ; F0_CE_CLOCKS:inst12|MCLKDV64 ; 1.000        ; 3.441      ; 11.793     ;
; -7.584  ; F7_ReadyIII:inst8|slowcnt[3] ; F7_ReadyIII:inst8|slowcnt[9] ; F0_CE_CLOCKS:inst12|MCLKDV64 ; F0_CE_CLOCKS:inst12|MCLKDV64 ; 1.000        ; 3.441      ; 11.704     ;
; -7.526  ; F7_ReadyIII:inst8|slowcnt[2] ; F7_ReadyIII:inst8|slowcnt[4] ; F0_CE_CLOCKS:inst12|MCLKDV64 ; F0_CE_CLOCKS:inst12|MCLKDV64 ; 1.000        ; 0.000      ; 8.205      ;
; -7.493  ; F7_ReadyIII:inst8|slowcnt[2] ; F7_ReadyIII:inst8|slowcnt[5] ; F0_CE_CLOCKS:inst12|MCLKDV64 ; F0_CE_CLOCKS:inst12|MCLKDV64 ; 1.000        ; 3.441      ; 11.613     ;
; -7.432  ; F7_ReadyIII:inst8|slowcnt[3] ; F7_ReadyIII:inst8|slowcnt[3] ; F0_CE_CLOCKS:inst12|MCLKDV64 ; F0_CE_CLOCKS:inst12|MCLKDV64 ; 1.000        ; 0.000      ; 8.111      ;
; -7.430  ; F7_ReadyIII:inst8|slowcnt[2] ; F7_ReadyIII:inst8|slowcnt[2] ; F0_CE_CLOCKS:inst12|MCLKDV64 ; F0_CE_CLOCKS:inst12|MCLKDV64 ; 1.000        ; 0.000      ; 8.109      ;
; -7.367  ; F7_ReadyIII:inst8|slowcnt[3] ; F7_ReadyIII:inst8|slowcnt[4] ; F0_CE_CLOCKS:inst12|MCLKDV64 ; F0_CE_CLOCKS:inst12|MCLKDV64 ; 1.000        ; 0.000      ; 8.046      ;
; -7.334  ; F7_ReadyIII:inst8|slowcnt[3] ; F7_ReadyIII:inst8|slowcnt[5] ; F0_CE_CLOCKS:inst12|MCLKDV64 ; F0_CE_CLOCKS:inst12|MCLKDV64 ; 1.000        ; 3.441      ; 11.454     ;
; -7.044  ; F7_ReadyIII:inst8|slowcnt[4] ; F7_ReadyIII:inst8|CLK_1kHz   ; F0_CE_CLOCKS:inst12|MCLKDV64 ; F0_CE_CLOCKS:inst12|MCLKDV64 ; 1.000        ; 5.535      ; 13.258     ;
; -6.856  ; F7_ReadyIII:inst8|slowcnt[1] ; F7_ReadyIII:inst8|CLK_1kHz   ; F0_CE_CLOCKS:inst12|MCLKDV64 ; F0_CE_CLOCKS:inst12|MCLKDV64 ; 1.000        ; 2.094      ; 9.629      ;
; -6.570  ; F7_ReadyIII:inst8|slowcnt[6] ; F7_ReadyIII:inst8|slowcnt[6] ; F0_CE_CLOCKS:inst12|MCLKDV64 ; F0_CE_CLOCKS:inst12|MCLKDV64 ; 1.000        ; 0.000      ; 7.249      ;
; -6.546  ; F7_ReadyIII:inst8|slowcnt[4] ; F7_ReadyIII:inst8|slowcnt[4] ; F0_CE_CLOCKS:inst12|MCLKDV64 ; F0_CE_CLOCKS:inst12|MCLKDV64 ; 1.000        ; 0.000      ; 7.225      ;
; -2.711  ; F7_ReadyIII:inst8|slowcnt[0] ; F7_ReadyIII:inst8|slowcnt[0] ; F0_CE_CLOCKS:inst12|MCLKDV64 ; F0_CE_CLOCKS:inst12|MCLKDV64 ; 1.000        ; 0.000      ; 3.390      ;
; 3.419   ; F7_ReadyIII:inst8|CLK_1kHz   ; F7_ReadyIII:inst8|CLK_1kHz   ; F7_ReadyIII:inst8|CLK_1kHz   ; F0_CE_CLOCKS:inst12|MCLKDV64 ; 0.500        ; 9.212      ; 6.466      ;
; 3.919   ; F7_ReadyIII:inst8|CLK_1kHz   ; F7_ReadyIII:inst8|CLK_1kHz   ; F7_ReadyIII:inst8|CLK_1kHz   ; F0_CE_CLOCKS:inst12|MCLKDV64 ; 1.000        ; 9.212      ; 6.466      ;
+---------+------------------------------+------------------------------+------------------------------+------------------------------+--------------+------------+------------+


+---------------------------------------------------------------------------------------------------------------------------------------------------+
; Setup: 'IN_PIN2'                                                                                                                                  ;
+---------+---------------------------------+---------------------------------+--------------+-------------+--------------+------------+------------+
; Slack   ; From Node                       ; To Node                         ; Launch Clock ; Latch Clock ; Relationship ; Clock Skew ; Data Delay ;
+---------+---------------------------------+---------------------------------+--------------+-------------+--------------+------------+------------+
; -15.246 ; spi_slave:inst7|rxBuffer[1]     ; spi_slave:inst7|rx[1]           ; IN_PIN2      ; IN_PIN2     ; 1.000        ; -1.440     ; 7.131      ;
; -10.931 ; spi_slave:inst7|txBuffer[23]    ; spi_slave:inst7|miso~reg0       ; IN_PIN2      ; IN_PIN2     ; 1.000        ; 0.000      ; 11.610     ;
; -10.347 ; spi_slave:inst7|rxBuffer[16]    ; spi_slave:inst7|rx[16]          ; IN_PIN2      ; IN_PIN2     ; 1.000        ; -1.156     ; 4.795      ;
; -10.338 ; spi_slave:inst7|rxBuffer[20]    ; spi_slave:inst7|rx[20]          ; IN_PIN2      ; IN_PIN2     ; 1.000        ; -1.165     ; 4.797      ;
; -9.664  ; spi_slave:inst7|rxBuffer[14]    ; spi_slave:inst7|rx[14]          ; IN_PIN2      ; IN_PIN2     ; 1.000        ; -1.531     ; 4.806      ;
; -9.618  ; spi_slave:inst7|rxBuffer[12]    ; spi_slave:inst7|rxBuffer[13]    ; IN_PIN2      ; IN_PIN2     ; 1.000        ; 0.000      ; 10.297     ;
; -9.558  ; spi_slave:inst7|rxBuffer[2]     ; spi_slave:inst7|rx[2]           ; IN_PIN2      ; IN_PIN2     ; 1.000        ; -1.441     ; 3.726      ;
; -9.387  ; spi_slave:inst7|rxBuffer[21]    ; spi_slave:inst7|rx[21]          ; IN_PIN2      ; IN_PIN2     ; 1.000        ; -1.164     ; 3.753      ;
; -9.290  ; spi_slave:inst7|rxBuffer[19]    ; spi_slave:inst7|rx[19]          ; IN_PIN2      ; IN_PIN2     ; 1.000        ; -1.167     ; 4.822      ;
; -9.286  ; spi_slave:inst7|rxBuffer[22]    ; spi_slave:inst7|rx[22]          ; IN_PIN2      ; IN_PIN2     ; 1.000        ; -1.158     ; 3.731      ;
; -9.277  ; spi_slave:inst7|rxBuffer[18]    ; spi_slave:inst7|rx[18]          ; IN_PIN2      ; IN_PIN2     ; 1.000        ; -1.165     ; 4.797      ;
; -9.271  ; spi_slave:inst7|rxBuffer[15]    ; spi_slave:inst7|rx[15]          ; IN_PIN2      ; IN_PIN2     ; 1.000        ; -1.159     ; 4.796      ;
; -9.260  ; spi_slave:inst7|rxBuffer[23]    ; spi_slave:inst7|rx[23]          ; IN_PIN2      ; IN_PIN2     ; 1.000        ; -1.156     ; 3.093      ;
; -9.072  ; spi_slave:inst7|rxBuffer[3]     ; spi_slave:inst7|rxBuffer[4]     ; IN_PIN2      ; IN_PIN2     ; 1.000        ; 0.000      ; 9.751      ;
; -8.614  ; spi_slave:inst7|rxBuffer[13]    ; spi_slave:inst7|rx[13]          ; IN_PIN2      ; IN_PIN2     ; 1.000        ; -1.532     ; 3.751      ;
; -8.465  ; spi_slave:inst7|rxBuffer[0]     ; spi_slave:inst7|rx[0]           ; IN_PIN2      ; IN_PIN2     ; 1.000        ; -1.448     ; 3.730      ;
; -8.238  ; spi_slave:inst7|rxBuffer[17]    ; spi_slave:inst7|rx[17]          ; IN_PIN2      ; IN_PIN2     ; 1.000        ; -1.166     ; 3.756      ;
; -7.626  ; spi_slave:inst7|bit_counter[24] ; spi_slave:inst7|txBuffer[20]    ; IN_PIN2      ; IN_PIN2     ; 1.000        ; 0.000      ; 8.305      ;
; -7.626  ; spi_slave:inst7|bit_counter[24] ; spi_slave:inst7|txBuffer[19]    ; IN_PIN2      ; IN_PIN2     ; 1.000        ; 0.000      ; 8.305      ;
; -7.626  ; spi_slave:inst7|bit_counter[24] ; spi_slave:inst7|txBuffer[18]    ; IN_PIN2      ; IN_PIN2     ; 1.000        ; 0.000      ; 8.305      ;
; -7.626  ; spi_slave:inst7|bit_counter[24] ; spi_slave:inst7|txBuffer[17]    ; IN_PIN2      ; IN_PIN2     ; 1.000        ; 0.000      ; 8.305      ;
; -7.626  ; spi_slave:inst7|bit_counter[24] ; spi_slave:inst7|txBuffer[16]    ; IN_PIN2      ; IN_PIN2     ; 1.000        ; 0.000      ; 8.305      ;
; -7.626  ; spi_slave:inst7|bit_counter[24] ; spi_slave:inst7|txBuffer[15]    ; IN_PIN2      ; IN_PIN2     ; 1.000        ; 0.000      ; 8.305      ;
; -7.626  ; spi_slave:inst7|bit_counter[24] ; spi_slave:inst7|txBuffer[14]    ; IN_PIN2      ; IN_PIN2     ; 1.000        ; 0.000      ; 8.305      ;
; -7.626  ; spi_slave:inst7|bit_counter[24] ; spi_slave:inst7|txBuffer[13]    ; IN_PIN2      ; IN_PIN2     ; 1.000        ; 0.000      ; 8.305      ;
; -7.626  ; spi_slave:inst7|bit_counter[24] ; spi_slave:inst7|txBuffer[12]    ; IN_PIN2      ; IN_PIN2     ; 1.000        ; 0.000      ; 8.305      ;
; -7.626  ; spi_slave:inst7|bit_counter[24] ; spi_slave:inst7|txBuffer[11]    ; IN_PIN2      ; IN_PIN2     ; 1.000        ; 0.000      ; 8.305      ;
; -5.948  ; spi_slave:inst7|txBuffer[20]    ; spi_slave:inst7|txBuffer[21]    ; IN_PIN2      ; IN_PIN2     ; 1.000        ; 0.000      ; 6.627      ;
; -5.925  ; spi_slave:inst7|rxBuffer[10]    ; spi_slave:inst7|rxBuffer[11]    ; IN_PIN2      ; IN_PIN2     ; 1.000        ; 0.000      ; 6.604      ;
; -5.868  ; spi_slave:inst7|rxBuffer[1]     ; spi_slave:inst7|rxBuffer[2]     ; IN_PIN2      ; IN_PIN2     ; 1.000        ; 0.000      ; 6.547      ;
; -5.857  ; spi_slave:inst7|txBuffer[10]    ; spi_slave:inst7|txBuffer[11]    ; IN_PIN2      ; IN_PIN2     ; 1.000        ; 0.000      ; 6.536      ;
; -5.553  ; spi_slave:inst7|txBuffer[23]    ; spi_slave:inst7|txBuffer[0]     ; IN_PIN2      ; IN_PIN2     ; 1.000        ; 0.000      ; 6.232      ;
; -5.464  ; spi_slave:inst7|bit_counter[22] ; spi_slave:inst7|bit_counter[23] ; IN_PIN2      ; IN_PIN2     ; 1.000        ; 0.000      ; 6.143      ;
; -5.314  ; spi_slave:inst7|bit_counter[24] ; spi_slave:inst7|txBuffer[7]     ; IN_PIN2      ; IN_PIN2     ; 1.000        ; 0.000      ; 5.993      ;
; -5.314  ; spi_slave:inst7|bit_counter[24] ; spi_slave:inst7|txBuffer[6]     ; IN_PIN2      ; IN_PIN2     ; 1.000        ; 0.000      ; 5.993      ;
; -5.314  ; spi_slave:inst7|bit_counter[24] ; spi_slave:inst7|txBuffer[5]     ; IN_PIN2      ; IN_PIN2     ; 1.000        ; 0.000      ; 5.993      ;
; -5.314  ; spi_slave:inst7|bit_counter[24] ; spi_slave:inst7|txBuffer[4]     ; IN_PIN2      ; IN_PIN2     ; 1.000        ; 0.000      ; 5.993      ;
; -5.314  ; spi_slave:inst7|bit_counter[24] ; spi_slave:inst7|txBuffer[3]     ; IN_PIN2      ; IN_PIN2     ; 1.000        ; 0.000      ; 5.993      ;
; -5.314  ; spi_slave:inst7|bit_counter[24] ; spi_slave:inst7|txBuffer[2]     ; IN_PIN2      ; IN_PIN2     ; 1.000        ; 0.000      ; 5.993      ;
; -5.314  ; spi_slave:inst7|bit_counter[24] ; spi_slave:inst7|txBuffer[1]     ; IN_PIN2      ; IN_PIN2     ; 1.000        ; 0.000      ; 5.993      ;
; -5.314  ; spi_slave:inst7|bit_counter[24] ; spi_slave:inst7|txBuffer[0]     ; IN_PIN2      ; IN_PIN2     ; 1.000        ; 0.000      ; 5.993      ;
; -5.258  ; spi_slave:inst7|bit_counter[24] ; spi_slave:inst7|txBuffer[23]    ; IN_PIN2      ; IN_PIN2     ; 1.000        ; 0.000      ; 5.937      ;
; -5.258  ; spi_slave:inst7|bit_counter[24] ; spi_slave:inst7|txBuffer[22]    ; IN_PIN2      ; IN_PIN2     ; 1.000        ; 0.000      ; 5.937      ;
; -5.258  ; spi_slave:inst7|bit_counter[24] ; spi_slave:inst7|txBuffer[21]    ; IN_PIN2      ; IN_PIN2     ; 1.000        ; 0.000      ; 5.937      ;
; -5.258  ; spi_slave:inst7|bit_counter[24] ; spi_slave:inst7|txBuffer[10]    ; IN_PIN2      ; IN_PIN2     ; 1.000        ; 0.000      ; 5.937      ;
; -5.258  ; spi_slave:inst7|bit_counter[24] ; spi_slave:inst7|txBuffer[9]     ; IN_PIN2      ; IN_PIN2     ; 1.000        ; 0.000      ; 5.937      ;
; -5.258  ; spi_slave:inst7|bit_counter[24] ; spi_slave:inst7|txBuffer[8]     ; IN_PIN2      ; IN_PIN2     ; 1.000        ; 0.000      ; 5.937      ;
; -4.806  ; spi_slave:inst7|txBuffer[2]     ; spi_slave:inst7|txBuffer[3]     ; IN_PIN2      ; IN_PIN2     ; 1.000        ; 0.000      ; 5.485      ;
; -3.768  ; spi_slave:inst7|bit_counter[10] ; spi_slave:inst7|bit_counter[11] ; IN_PIN2      ; IN_PIN2     ; 1.000        ; 0.000      ; 4.447      ;
; -3.767  ; spi_slave:inst7|bit_counter[19] ; spi_slave:inst7|bit_counter[20] ; IN_PIN2      ; IN_PIN2     ; 1.000        ; 0.000      ; 4.446      ;
; -3.765  ; spi_slave:inst7|txBuffer[7]     ; spi_slave:inst7|txBuffer[8]     ; IN_PIN2      ; IN_PIN2     ; 1.000        ; 0.000      ; 4.444      ;
; -3.559  ; spi_slave:inst7|rxBuffer[19]    ; spi_slave:inst7|rxBuffer[20]    ; IN_PIN2      ; IN_PIN2     ; 1.000        ; 0.000      ; 4.238      ;
; -3.543  ; spi_slave:inst7|rxBuffer[14]    ; spi_slave:inst7|rxBuffer[15]    ; IN_PIN2      ; IN_PIN2     ; 1.000        ; 0.000      ; 4.222      ;
; -3.534  ; spi_slave:inst7|rxBuffer[20]    ; spi_slave:inst7|rxBuffer[21]    ; IN_PIN2      ; IN_PIN2     ; 1.000        ; 0.000      ; 4.213      ;
; -3.534  ; spi_slave:inst7|rxBuffer[18]    ; spi_slave:inst7|rxBuffer[19]    ; IN_PIN2      ; IN_PIN2     ; 1.000        ; 0.000      ; 4.213      ;
; -3.533  ; spi_slave:inst7|rxBuffer[15]    ; spi_slave:inst7|rxBuffer[16]    ; IN_PIN2      ; IN_PIN2     ; 1.000        ; 0.000      ; 4.212      ;
; -3.532  ; spi_slave:inst7|rxBuffer[16]    ; spi_slave:inst7|rxBuffer[17]    ; IN_PIN2      ; IN_PIN2     ; 1.000        ; 0.000      ; 4.211      ;
; -2.744  ; spi_slave:inst7|bit_counter[2]  ; spi_slave:inst7|bit_counter[3]  ; IN_PIN2      ; IN_PIN2     ; 1.000        ; 0.000      ; 3.423      ;
; -2.742  ; spi_slave:inst7|bit_counter[4]  ; spi_slave:inst7|bit_counter[5]  ; IN_PIN2      ; IN_PIN2     ; 1.000        ; 0.000      ; 3.421      ;
; -2.741  ; spi_slave:inst7|bit_counter[5]  ; spi_slave:inst7|bit_counter[6]  ; IN_PIN2      ; IN_PIN2     ; 1.000        ; 0.000      ; 3.420      ;
; -2.736  ; spi_slave:inst7|txBuffer[9]     ; spi_slave:inst7|txBuffer[10]    ; IN_PIN2      ; IN_PIN2     ; 1.000        ; 0.000      ; 3.415      ;
; -2.730  ; spi_slave:inst7|txBuffer[12]    ; spi_slave:inst7|txBuffer[13]    ; IN_PIN2      ; IN_PIN2     ; 1.000        ; 0.000      ; 3.409      ;
; -2.728  ; spi_slave:inst7|txBuffer[17]    ; spi_slave:inst7|txBuffer[18]    ; IN_PIN2      ; IN_PIN2     ; 1.000        ; 0.000      ; 3.407      ;
; -2.728  ; spi_slave:inst7|txBuffer[0]     ; spi_slave:inst7|txBuffer[1]     ; IN_PIN2      ; IN_PIN2     ; 1.000        ; 0.000      ; 3.407      ;
; -2.727  ; spi_slave:inst7|txBuffer[18]    ; spi_slave:inst7|txBuffer[19]    ; IN_PIN2      ; IN_PIN2     ; 1.000        ; 0.000      ; 3.406      ;
; -2.727  ; spi_slave:inst7|txBuffer[14]    ; spi_slave:inst7|txBuffer[15]    ; IN_PIN2      ; IN_PIN2     ; 1.000        ; 0.000      ; 3.406      ;
; -2.727  ; spi_slave:inst7|bit_counter[13] ; spi_slave:inst7|bit_counter[14] ; IN_PIN2      ; IN_PIN2     ; 1.000        ; 0.000      ; 3.406      ;
; -2.727  ; spi_slave:inst7|txBuffer[1]     ; spi_slave:inst7|txBuffer[2]     ; IN_PIN2      ; IN_PIN2     ; 1.000        ; 0.000      ; 3.406      ;
; -2.726  ; spi_slave:inst7|bit_counter[11] ; spi_slave:inst7|bit_counter[12] ; IN_PIN2      ; IN_PIN2     ; 1.000        ; 0.000      ; 3.405      ;
; -2.714  ; spi_slave:inst7|txBuffer[3]     ; spi_slave:inst7|txBuffer[4]     ; IN_PIN2      ; IN_PIN2     ; 1.000        ; 0.000      ; 3.393      ;
; -2.712  ; spi_slave:inst7|bit_counter[12] ; spi_slave:inst7|bit_counter[13] ; IN_PIN2      ; IN_PIN2     ; 1.000        ; 0.000      ; 3.391      ;
; -2.712  ; spi_slave:inst7|rxBuffer[7]     ; spi_slave:inst7|rxBuffer[8]     ; IN_PIN2      ; IN_PIN2     ; 1.000        ; 0.000      ; 3.391      ;
; -2.711  ; spi_slave:inst7|miso~en         ; spi_slave:inst7|bit_counter[2]  ; IN_PIN2      ; IN_PIN2     ; 1.000        ; 0.000      ; 3.390      ;
; -2.711  ; spi_slave:inst7|rxBuffer[4]     ; spi_slave:inst7|rxBuffer[5]     ; IN_PIN2      ; IN_PIN2     ; 1.000        ; 0.000      ; 3.390      ;
; -2.494  ; spi_slave:inst7|bit_counter[14] ; spi_slave:inst7|bit_counter[15] ; IN_PIN2      ; IN_PIN2     ; 1.000        ; 0.000      ; 3.173      ;
; -2.494  ; spi_slave:inst7|rxBuffer[9]     ; spi_slave:inst7|rxBuffer[10]    ; IN_PIN2      ; IN_PIN2     ; 1.000        ; 0.000      ; 3.173      ;
; -2.493  ; spi_slave:inst7|txBuffer[11]    ; spi_slave:inst7|txBuffer[12]    ; IN_PIN2      ; IN_PIN2     ; 1.000        ; 0.000      ; 3.172      ;
; -2.493  ; spi_slave:inst7|bit_counter[3]  ; spi_slave:inst7|bit_counter[4]  ; IN_PIN2      ; IN_PIN2     ; 1.000        ; 0.000      ; 3.172      ;
; -2.493  ; spi_slave:inst7|rxBuffer[17]    ; spi_slave:inst7|rxBuffer[18]    ; IN_PIN2      ; IN_PIN2     ; 1.000        ; 0.000      ; 3.172      ;
; -2.492  ; spi_slave:inst7|bit_counter[16] ; spi_slave:inst7|bit_counter[17] ; IN_PIN2      ; IN_PIN2     ; 1.000        ; 0.000      ; 3.171      ;
; -2.492  ; spi_slave:inst7|bit_counter[6]  ; spi_slave:inst7|bit_counter[7]  ; IN_PIN2      ; IN_PIN2     ; 1.000        ; 0.000      ; 3.171      ;
; -2.491  ; spi_slave:inst7|txBuffer[15]    ; spi_slave:inst7|txBuffer[16]    ; IN_PIN2      ; IN_PIN2     ; 1.000        ; 0.000      ; 3.170      ;
; -2.491  ; spi_slave:inst7|bit_counter[17] ; spi_slave:inst7|bit_counter[18] ; IN_PIN2      ; IN_PIN2     ; 1.000        ; 0.000      ; 3.170      ;
; -2.491  ; spi_slave:inst7|txBuffer[13]    ; spi_slave:inst7|txBuffer[14]    ; IN_PIN2      ; IN_PIN2     ; 1.000        ; 0.000      ; 3.170      ;
; -2.491  ; spi_slave:inst7|txBuffer[6]     ; spi_slave:inst7|txBuffer[7]     ; IN_PIN2      ; IN_PIN2     ; 1.000        ; 0.000      ; 3.170      ;
; -2.490  ; spi_slave:inst7|txBuffer[8]     ; spi_slave:inst7|txBuffer[9]     ; IN_PIN2      ; IN_PIN2     ; 1.000        ; 0.000      ; 3.169      ;
; -2.490  ; spi_slave:inst7|rxBuffer[6]     ; spi_slave:inst7|rxBuffer[7]     ; IN_PIN2      ; IN_PIN2     ; 1.000        ; 0.000      ; 3.169      ;
; -2.490  ; spi_slave:inst7|rxBuffer[21]    ; spi_slave:inst7|rxBuffer[22]    ; IN_PIN2      ; IN_PIN2     ; 1.000        ; 0.000      ; 3.169      ;
; -2.489  ; spi_slave:inst7|txBuffer[4]     ; spi_slave:inst7|txBuffer[5]     ; IN_PIN2      ; IN_PIN2     ; 1.000        ; 0.000      ; 3.168      ;
; -2.488  ; spi_slave:inst7|bit_counter[7]  ; spi_slave:inst7|bit_counter[8]  ; IN_PIN2      ; IN_PIN2     ; 1.000        ; 0.000      ; 3.167      ;
; -2.488  ; spi_slave:inst7|rxBuffer[8]     ; spi_slave:inst7|rxBuffer[9]     ; IN_PIN2      ; IN_PIN2     ; 1.000        ; 0.000      ; 3.167      ;
; -2.488  ; spi_slave:inst7|rxBuffer[13]    ; spi_slave:inst7|rxBuffer[14]    ; IN_PIN2      ; IN_PIN2     ; 1.000        ; 0.000      ; 3.167      ;
; -2.481  ; spi_slave:inst7|bit_counter[15] ; spi_slave:inst7|bit_counter[16] ; IN_PIN2      ; IN_PIN2     ; 1.000        ; 0.000      ; 3.160      ;
; -2.480  ; spi_slave:inst7|bit_counter[9]  ; spi_slave:inst7|bit_counter[10] ; IN_PIN2      ; IN_PIN2     ; 1.000        ; 0.000      ; 3.159      ;
; -2.480  ; spi_slave:inst7|bit_counter[8]  ; spi_slave:inst7|bit_counter[9]  ; IN_PIN2      ; IN_PIN2     ; 1.000        ; 0.000      ; 3.159      ;
; -2.479  ; spi_slave:inst7|bit_counter[21] ; spi_slave:inst7|bit_counter[22] ; IN_PIN2      ; IN_PIN2     ; 1.000        ; 0.000      ; 3.158      ;
; -2.478  ; spi_slave:inst7|bit_counter[20] ; spi_slave:inst7|bit_counter[21] ; IN_PIN2      ; IN_PIN2     ; 1.000        ; 0.000      ; 3.157      ;
; -2.478  ; spi_slave:inst7|txBuffer[5]     ; spi_slave:inst7|txBuffer[6]     ; IN_PIN2      ; IN_PIN2     ; 1.000        ; 0.000      ; 3.157      ;
; -2.476  ; spi_slave:inst7|txBuffer[19]    ; spi_slave:inst7|txBuffer[20]    ; IN_PIN2      ; IN_PIN2     ; 1.000        ; 0.000      ; 3.155      ;
; -2.476  ; spi_slave:inst7|txBuffer[16]    ; spi_slave:inst7|txBuffer[17]    ; IN_PIN2      ; IN_PIN2     ; 1.000        ; 0.000      ; 3.155      ;
+---------+---------------------------------+---------------------------------+--------------+-------------+--------------+------------+------------+


+-------------------------------------------------------------------------------------------------------------------------------------------------------------------+
; Setup: 'CLKIN_xN'                                                                                                                                                 ;
+---------+-----------------------------------------+-----------------------------------------+--------------+-------------+--------------+------------+------------+
; Slack   ; From Node                               ; To Node                                 ; Launch Clock ; Latch Clock ; Relationship ; Clock Skew ; Data Delay ;
+---------+-----------------------------------------+-----------------------------------------+--------------+-------------+--------------+------------+------------+
; -14.329 ; F1_ReadADCFullSpeed:inst1|CNVclk_cnt[1] ; F1_ReadADCFullSpeed:inst1|CNVclk_cnt[0] ; CLKIN_xN     ; CLKIN_xN    ; 1.000        ; 0.000      ; 15.008     ;
; -14.065 ; F1_ReadADCFullSpeed:inst1|CNVclk_cnt[1] ; F1_ReadADCFullSpeed:inst1|CNVclk_cnt[5] ; CLKIN_xN     ; CLKIN_xN    ; 1.000        ; 0.000      ; 14.744     ;
; -14.065 ; F1_ReadADCFullSpeed:inst1|CNVclk_cnt[1] ; F1_ReadADCFullSpeed:inst1|CNVclk_cnt[3] ; CLKIN_xN     ; CLKIN_xN    ; 1.000        ; 0.000      ; 14.744     ;
; -14.065 ; F1_ReadADCFullSpeed:inst1|CNVclk_cnt[1] ; F1_ReadADCFullSpeed:inst1|CNVclk_cnt[4] ; CLKIN_xN     ; CLKIN_xN    ; 1.000        ; 0.000      ; 14.744     ;
; -14.065 ; F1_ReadADCFullSpeed:inst1|CNVclk_cnt[1] ; F1_ReadADCFullSpeed:inst1|CNVclk_cnt[1] ; CLKIN_xN     ; CLKIN_xN    ; 1.000        ; 0.000      ; 14.744     ;
; -14.065 ; F1_ReadADCFullSpeed:inst1|CNVclk_cnt[1] ; F1_ReadADCFullSpeed:inst1|CNVclk_cnt[2] ; CLKIN_xN     ; CLKIN_xN    ; 1.000        ; 0.000      ; 14.744     ;
; -14.032 ; F1_ReadADCFullSpeed:inst1|CNVclk_cnt[0] ; F1_ReadADCFullSpeed:inst1|CNVclk_cnt[0] ; CLKIN_xN     ; CLKIN_xN    ; 1.000        ; 0.000      ; 14.711     ;
; -13.768 ; F1_ReadADCFullSpeed:inst1|CNVclk_cnt[0] ; F1_ReadADCFullSpeed:inst1|CNVclk_cnt[5] ; CLKIN_xN     ; CLKIN_xN    ; 1.000        ; 0.000      ; 14.447     ;
; -13.768 ; F1_ReadADCFullSpeed:inst1|CNVclk_cnt[0] ; F1_ReadADCFullSpeed:inst1|CNVclk_cnt[3] ; CLKIN_xN     ; CLKIN_xN    ; 1.000        ; 0.000      ; 14.447     ;
; -13.768 ; F1_ReadADCFullSpeed:inst1|CNVclk_cnt[0] ; F1_ReadADCFullSpeed:inst1|CNVclk_cnt[4] ; CLKIN_xN     ; CLKIN_xN    ; 1.000        ; 0.000      ; 14.447     ;
; -13.768 ; F1_ReadADCFullSpeed:inst1|CNVclk_cnt[0] ; F1_ReadADCFullSpeed:inst1|CNVclk_cnt[1] ; CLKIN_xN     ; CLKIN_xN    ; 1.000        ; 0.000      ; 14.447     ;
; -13.768 ; F1_ReadADCFullSpeed:inst1|CNVclk_cnt[0] ; F1_ReadADCFullSpeed:inst1|CNVclk_cnt[2] ; CLKIN_xN     ; CLKIN_xN    ; 1.000        ; 0.000      ; 14.447     ;
; -13.159 ; F1_ReadADCFullSpeed:inst1|CNVclk_cnt[2] ; F1_ReadADCFullSpeed:inst1|CNVclk_cnt[0] ; CLKIN_xN     ; CLKIN_xN    ; 1.000        ; 0.000      ; 13.838     ;
; -12.895 ; F1_ReadADCFullSpeed:inst1|CNVclk_cnt[2] ; F1_ReadADCFullSpeed:inst1|CNVclk_cnt[5] ; CLKIN_xN     ; CLKIN_xN    ; 1.000        ; 0.000      ; 13.574     ;
; -12.895 ; F1_ReadADCFullSpeed:inst1|CNVclk_cnt[2] ; F1_ReadADCFullSpeed:inst1|CNVclk_cnt[3] ; CLKIN_xN     ; CLKIN_xN    ; 1.000        ; 0.000      ; 13.574     ;
; -12.895 ; F1_ReadADCFullSpeed:inst1|CNVclk_cnt[2] ; F1_ReadADCFullSpeed:inst1|CNVclk_cnt[4] ; CLKIN_xN     ; CLKIN_xN    ; 1.000        ; 0.000      ; 13.574     ;
; -12.895 ; F1_ReadADCFullSpeed:inst1|CNVclk_cnt[2] ; F1_ReadADCFullSpeed:inst1|CNVclk_cnt[1] ; CLKIN_xN     ; CLKIN_xN    ; 1.000        ; 0.000      ; 13.574     ;
; -12.895 ; F1_ReadADCFullSpeed:inst1|CNVclk_cnt[2] ; F1_ReadADCFullSpeed:inst1|CNVclk_cnt[2] ; CLKIN_xN     ; CLKIN_xN    ; 1.000        ; 0.000      ; 13.574     ;
; -11.790 ; F1_ReadADCFullSpeed:inst1|CNVclk_cnt[1] ; F1_ReadADCFullSpeed:inst1|CNVen_SCK     ; CLKIN_xN     ; CLKIN_xN    ; 1.000        ; 0.000      ; 12.469     ;
; -11.493 ; F1_ReadADCFullSpeed:inst1|CNVclk_cnt[0] ; F1_ReadADCFullSpeed:inst1|CNVen_SCK     ; CLKIN_xN     ; CLKIN_xN    ; 1.000        ; 0.000      ; 12.172     ;
; -10.633 ; F1_ReadADCFullSpeed:inst1|CNVclk_cnt[3] ; F1_ReadADCFullSpeed:inst1|CNVclk_cnt[0] ; CLKIN_xN     ; CLKIN_xN    ; 1.000        ; 0.000      ; 11.312     ;
; -10.620 ; F1_ReadADCFullSpeed:inst1|CNVclk_cnt[2] ; F1_ReadADCFullSpeed:inst1|CNVen_SCK     ; CLKIN_xN     ; CLKIN_xN    ; 1.000        ; 0.000      ; 11.299     ;
; -10.498 ; F1_ReadADCFullSpeed:inst1|CNVclk_cnt[4] ; F1_ReadADCFullSpeed:inst1|CNVclk_cnt[0] ; CLKIN_xN     ; CLKIN_xN    ; 1.000        ; 0.000      ; 11.177     ;
; -10.369 ; F1_ReadADCFullSpeed:inst1|CNVclk_cnt[3] ; F1_ReadADCFullSpeed:inst1|CNVclk_cnt[5] ; CLKIN_xN     ; CLKIN_xN    ; 1.000        ; 0.000      ; 11.048     ;
; -10.369 ; F1_ReadADCFullSpeed:inst1|CNVclk_cnt[3] ; F1_ReadADCFullSpeed:inst1|CNVclk_cnt[3] ; CLKIN_xN     ; CLKIN_xN    ; 1.000        ; 0.000      ; 11.048     ;
; -10.369 ; F1_ReadADCFullSpeed:inst1|CNVclk_cnt[3] ; F1_ReadADCFullSpeed:inst1|CNVclk_cnt[4] ; CLKIN_xN     ; CLKIN_xN    ; 1.000        ; 0.000      ; 11.048     ;
; -10.369 ; F1_ReadADCFullSpeed:inst1|CNVclk_cnt[3] ; F1_ReadADCFullSpeed:inst1|CNVclk_cnt[1] ; CLKIN_xN     ; CLKIN_xN    ; 1.000        ; 0.000      ; 11.048     ;
; -10.369 ; F1_ReadADCFullSpeed:inst1|CNVclk_cnt[3] ; F1_ReadADCFullSpeed:inst1|CNVclk_cnt[2] ; CLKIN_xN     ; CLKIN_xN    ; 1.000        ; 0.000      ; 11.048     ;
; -10.234 ; F1_ReadADCFullSpeed:inst1|CNVclk_cnt[4] ; F1_ReadADCFullSpeed:inst1|CNVclk_cnt[5] ; CLKIN_xN     ; CLKIN_xN    ; 1.000        ; 0.000      ; 10.913     ;
; -10.234 ; F1_ReadADCFullSpeed:inst1|CNVclk_cnt[4] ; F1_ReadADCFullSpeed:inst1|CNVclk_cnt[3] ; CLKIN_xN     ; CLKIN_xN    ; 1.000        ; 0.000      ; 10.913     ;
; -10.234 ; F1_ReadADCFullSpeed:inst1|CNVclk_cnt[4] ; F1_ReadADCFullSpeed:inst1|CNVclk_cnt[4] ; CLKIN_xN     ; CLKIN_xN    ; 1.000        ; 0.000      ; 10.913     ;
; -10.234 ; F1_ReadADCFullSpeed:inst1|CNVclk_cnt[4] ; F1_ReadADCFullSpeed:inst1|CNVclk_cnt[1] ; CLKIN_xN     ; CLKIN_xN    ; 1.000        ; 0.000      ; 10.913     ;
; -10.234 ; F1_ReadADCFullSpeed:inst1|CNVclk_cnt[4] ; F1_ReadADCFullSpeed:inst1|CNVclk_cnt[2] ; CLKIN_xN     ; CLKIN_xN    ; 1.000        ; 0.000      ; 10.913     ;
; -9.630  ; F1_ReadADCFullSpeed:inst1|CNVclk_cnt[5] ; F1_ReadADCFullSpeed:inst1|CNVclk_cnt[0] ; CLKIN_xN     ; CLKIN_xN    ; 1.000        ; 0.000      ; 10.309     ;
; -9.366  ; F1_ReadADCFullSpeed:inst1|CNVclk_cnt[5] ; F1_ReadADCFullSpeed:inst1|CNVclk_cnt[5] ; CLKIN_xN     ; CLKIN_xN    ; 1.000        ; 0.000      ; 10.045     ;
; -9.366  ; F1_ReadADCFullSpeed:inst1|CNVclk_cnt[5] ; F1_ReadADCFullSpeed:inst1|CNVclk_cnt[3] ; CLKIN_xN     ; CLKIN_xN    ; 1.000        ; 0.000      ; 10.045     ;
; -9.366  ; F1_ReadADCFullSpeed:inst1|CNVclk_cnt[5] ; F1_ReadADCFullSpeed:inst1|CNVclk_cnt[4] ; CLKIN_xN     ; CLKIN_xN    ; 1.000        ; 0.000      ; 10.045     ;
; -9.366  ; F1_ReadADCFullSpeed:inst1|CNVclk_cnt[5] ; F1_ReadADCFullSpeed:inst1|CNVclk_cnt[1] ; CLKIN_xN     ; CLKIN_xN    ; 1.000        ; 0.000      ; 10.045     ;
; -9.366  ; F1_ReadADCFullSpeed:inst1|CNVclk_cnt[5] ; F1_ReadADCFullSpeed:inst1|CNVclk_cnt[2] ; CLKIN_xN     ; CLKIN_xN    ; 1.000        ; 0.000      ; 10.045     ;
; -9.164  ; F0_CE_CLOCKS:inst12|MCLKCNT[5]          ; F0_CE_CLOCKS:inst12|MCLKDV64            ; CLKIN_xN     ; CLKIN_xN    ; 1.000        ; 0.000      ; 9.843      ;
; -8.553  ; MASTER_LRCK                             ; F15_Par2I2S_2S4P:inst16|LRCKd1          ; MASTER_LRCK  ; CLKIN_xN    ; 0.500        ; 4.723      ; 13.455     ;
; -8.053  ; MASTER_LRCK                             ; F15_Par2I2S_2S4P:inst16|LRCKd1          ; MASTER_LRCK  ; CLKIN_xN    ; 1.000        ; 4.723      ; 13.455     ;
; -7.965  ; F1_ReadADCFullSpeed:inst1|CNVclk_cnt[4] ; F1_ReadADCFullSpeed:inst1|CNVen_SCK     ; CLKIN_xN     ; CLKIN_xN    ; 1.000        ; 0.000      ; 8.644      ;
; -6.323  ; F0_CE_CLOCKS:inst12|MCLKCNT[1]          ; F0_CE_CLOCKS:inst12|MCLKCNT[5]          ; CLKIN_xN     ; CLKIN_xN    ; 1.000        ; 0.000      ; 7.002      ;
; -6.163  ; F0_CE_CLOCKS:inst12|MCLKCNT[1]          ; F0_CE_CLOCKS:inst12|MCLKCNT[4]          ; CLKIN_xN     ; CLKIN_xN    ; 1.000        ; 0.000      ; 6.842      ;
; -6.163  ; F0_CE_CLOCKS:inst12|MCLKCNT[2]          ; F0_CE_CLOCKS:inst12|MCLKCNT[5]          ; CLKIN_xN     ; CLKIN_xN    ; 1.000        ; 0.000      ; 6.842      ;
; -6.003  ; F0_CE_CLOCKS:inst12|MCLKCNT[1]          ; F0_CE_CLOCKS:inst12|MCLKCNT[3]          ; CLKIN_xN     ; CLKIN_xN    ; 1.000        ; 0.000      ; 6.682      ;
; -6.003  ; F0_CE_CLOCKS:inst12|MCLKCNT[2]          ; F0_CE_CLOCKS:inst12|MCLKCNT[4]          ; CLKIN_xN     ; CLKIN_xN    ; 1.000        ; 0.000      ; 6.682      ;
; -5.894  ; F0_CE_CLOCKS:inst12|MCLKCNT[0]          ; F0_CE_CLOCKS:inst12|MCLKCNT[5]          ; CLKIN_xN     ; CLKIN_xN    ; 1.000        ; 0.000      ; 6.573      ;
; -5.847  ; F0_CE_CLOCKS:inst12|MCLKCNT[4]          ; F0_CE_CLOCKS:inst12|MCLKCNT[5]          ; CLKIN_xN     ; CLKIN_xN    ; 1.000        ; 0.000      ; 6.526      ;
; -5.843  ; F0_CE_CLOCKS:inst12|MCLKCNT[1]          ; F0_CE_CLOCKS:inst12|MCLKCNT[2]          ; CLKIN_xN     ; CLKIN_xN    ; 1.000        ; 0.000      ; 6.522      ;
; -5.843  ; F0_CE_CLOCKS:inst12|MCLKCNT[2]          ; F0_CE_CLOCKS:inst12|MCLKCNT[3]          ; CLKIN_xN     ; CLKIN_xN    ; 1.000        ; 0.000      ; 6.522      ;
; -5.792  ; F1_ReadADCFullSpeed:inst1|CNVclk_cnt[5] ; F1_ReadADCFullSpeed:inst1|CNVen_SCK     ; CLKIN_xN     ; CLKIN_xN    ; 1.000        ; 0.000      ; 6.471      ;
; -5.734  ; F0_CE_CLOCKS:inst12|MCLKCNT[0]          ; F0_CE_CLOCKS:inst12|MCLKCNT[4]          ; CLKIN_xN     ; CLKIN_xN    ; 1.000        ; 0.000      ; 6.413      ;
; -5.574  ; F0_CE_CLOCKS:inst12|MCLKCNT[0]          ; F0_CE_CLOCKS:inst12|MCLKCNT[3]          ; CLKIN_xN     ; CLKIN_xN    ; 1.000        ; 0.000      ; 6.253      ;
; -5.511  ; F0_CE_CLOCKS:inst12|MCLKCNT[3]          ; F0_CE_CLOCKS:inst12|MCLKCNT[5]          ; CLKIN_xN     ; CLKIN_xN    ; 1.000        ; 0.000      ; 6.190      ;
; -5.414  ; F0_CE_CLOCKS:inst12|MCLKCNT[0]          ; F0_CE_CLOCKS:inst12|MCLKCNT[2]          ; CLKIN_xN     ; CLKIN_xN    ; 1.000        ; 0.000      ; 6.093      ;
; -5.405  ; F0_CE_CLOCKS:inst12|MCLKCNT[2]          ; F0_CE_CLOCKS:inst12|MCLKDV8             ; CLKIN_xN     ; CLKIN_xN    ; 1.000        ; 0.000      ; 6.084      ;
; -5.351  ; F0_CE_CLOCKS:inst12|MCLKCNT[3]          ; F0_CE_CLOCKS:inst12|MCLKCNT[4]          ; CLKIN_xN     ; CLKIN_xN    ; 1.000        ; 0.000      ; 6.030      ;
; -4.805  ; F0_CE_CLOCKS:inst12|MCLKCNT[4]          ; F0_CE_CLOCKS:inst12|MCLKCNT[4]          ; CLKIN_xN     ; CLKIN_xN    ; 1.000        ; 0.000      ; 5.484      ;
; -4.801  ; F0_CE_CLOCKS:inst12|MCLKCNT[2]          ; F0_CE_CLOCKS:inst12|MCLKCNT[2]          ; CLKIN_xN     ; CLKIN_xN    ; 1.000        ; 0.000      ; 5.480      ;
; -4.801  ; F0_CE_CLOCKS:inst12|MCLKCNT[1]          ; F0_CE_CLOCKS:inst12|MCLKCNT[1]          ; CLKIN_xN     ; CLKIN_xN    ; 1.000        ; 0.000      ; 5.480      ;
; -4.640  ; F0_CE_CLOCKS:inst12|MCLKCNT[0]          ; F0_CE_CLOCKS:inst12|MCLKCNT[1]          ; CLKIN_xN     ; CLKIN_xN    ; 1.000        ; 0.000      ; 5.319      ;
; -4.577  ; F0_CE_CLOCKS:inst12|MCLKCNT[3]          ; F0_CE_CLOCKS:inst12|MCLKCNT[3]          ; CLKIN_xN     ; CLKIN_xN    ; 1.000        ; 0.000      ; 5.256      ;
; -3.996  ; F1_ReadADCFullSpeed:inst1|CNVen_SCK     ; F1_ReadADCFullSpeed:inst1|T_CNVen_SCK   ; CLKIN_xN     ; CLKIN_xN    ; 0.500        ; 0.000      ; 4.175      ;
; -3.770  ; F1_ReadADCFullSpeed:inst1|CNVclk_cnt[3] ; F1_ReadADCFullSpeed:inst1|CNVen_SCK     ; CLKIN_xN     ; CLKIN_xN    ; 1.000        ; 0.000      ; 4.449      ;
; -3.581  ; F15_Par2I2S_2S4P:inst16|LRCKd1          ; F1_ReadADCFullSpeed:inst1|CLKFSd2       ; CLKIN_xN     ; CLKIN_xN    ; 1.000        ; 0.000      ; 4.260      ;
; -2.762  ; F0_CE_CLOCKS:inst12|MCLKCNT[0]          ; F0_CE_CLOCKS:inst12|MCLKCNT[0]          ; CLKIN_xN     ; CLKIN_xN    ; 1.000        ; 0.000      ; 3.441      ;
; -2.751  ; F0_CE_CLOCKS:inst12|MCLKCNT[5]          ; F0_CE_CLOCKS:inst12|MCLKCNT[5]          ; CLKIN_xN     ; CLKIN_xN    ; 1.000        ; 0.000      ; 3.430      ;
+---------+-----------------------------------------+-----------------------------------------+--------------+-------------+--------------+------------+------------+


+--------------------------------------------------------------------------------------------------------------------------------------------------------------------------+
; Setup: 'F7_ReadyIII:inst8|CLK_1kHz'                                                                                                                                      ;
+---------+------------------------------+------------------------------+----------------------------+----------------------------+--------------+------------+------------+
; Slack   ; From Node                    ; To Node                      ; Launch Clock               ; Latch Clock                ; Relationship ; Clock Skew ; Data Delay ;
+---------+------------------------------+------------------------------+----------------------------+----------------------------+--------------+------------+------------+
; -13.425 ; F7_ReadyIII:inst8|counter[4] ; F7_ReadyIII:inst8|counter[1] ; F7_ReadyIII:inst8|CLK_1kHz ; F7_ReadyIII:inst8|CLK_1kHz ; 1.000        ; 0.000      ; 14.104     ;
; -13.425 ; F7_ReadyIII:inst8|counter[4] ; F7_ReadyIII:inst8|counter[8] ; F7_ReadyIII:inst8|CLK_1kHz ; F7_ReadyIII:inst8|CLK_1kHz ; 1.000        ; 0.000      ; 14.104     ;
; -13.425 ; F7_ReadyIII:inst8|counter[4] ; F7_ReadyIII:inst8|counter[7] ; F7_ReadyIII:inst8|CLK_1kHz ; F7_ReadyIII:inst8|CLK_1kHz ; 1.000        ; 0.000      ; 14.104     ;
; -13.425 ; F7_ReadyIII:inst8|counter[4] ; F7_ReadyIII:inst8|counter[6] ; F7_ReadyIII:inst8|CLK_1kHz ; F7_ReadyIII:inst8|CLK_1kHz ; 1.000        ; 0.000      ; 14.104     ;
; -13.425 ; F7_ReadyIII:inst8|counter[4] ; F7_ReadyIII:inst8|counter[5] ; F7_ReadyIII:inst8|CLK_1kHz ; F7_ReadyIII:inst8|CLK_1kHz ; 1.000        ; 0.000      ; 14.104     ;
; -13.425 ; F7_ReadyIII:inst8|counter[4] ; F7_ReadyIII:inst8|counter[4] ; F7_ReadyIII:inst8|CLK_1kHz ; F7_ReadyIII:inst8|CLK_1kHz ; 1.000        ; 0.000      ; 14.104     ;
; -13.425 ; F7_ReadyIII:inst8|counter[4] ; F7_ReadyIII:inst8|counter[3] ; F7_ReadyIII:inst8|CLK_1kHz ; F7_ReadyIII:inst8|CLK_1kHz ; 1.000        ; 0.000      ; 14.104     ;
; -13.425 ; F7_ReadyIII:inst8|counter[4] ; F7_ReadyIII:inst8|counter[2] ; F7_ReadyIII:inst8|CLK_1kHz ; F7_ReadyIII:inst8|CLK_1kHz ; 1.000        ; 0.000      ; 14.104     ;
; -13.418 ; F7_ReadyIII:inst8|counter[4] ; F7_ReadyIII:inst8|READY      ; F7_ReadyIII:inst8|CLK_1kHz ; F7_ReadyIII:inst8|CLK_1kHz ; 1.000        ; 0.055      ; 14.152     ;
; -13.417 ; F7_ReadyIII:inst8|counter[4] ; F7_ReadyIII:inst8|counter[0] ; F7_ReadyIII:inst8|CLK_1kHz ; F7_ReadyIII:inst8|CLK_1kHz ; 1.000        ; 0.055      ; 14.151     ;
; -12.702 ; F7_ReadyIII:inst8|counter[2] ; F7_ReadyIII:inst8|counter[1] ; F7_ReadyIII:inst8|CLK_1kHz ; F7_ReadyIII:inst8|CLK_1kHz ; 1.000        ; 0.000      ; 13.381     ;
; -12.702 ; F7_ReadyIII:inst8|counter[2] ; F7_ReadyIII:inst8|counter[8] ; F7_ReadyIII:inst8|CLK_1kHz ; F7_ReadyIII:inst8|CLK_1kHz ; 1.000        ; 0.000      ; 13.381     ;
; -12.702 ; F7_ReadyIII:inst8|counter[2] ; F7_ReadyIII:inst8|counter[7] ; F7_ReadyIII:inst8|CLK_1kHz ; F7_ReadyIII:inst8|CLK_1kHz ; 1.000        ; 0.000      ; 13.381     ;
; -12.702 ; F7_ReadyIII:inst8|counter[2] ; F7_ReadyIII:inst8|counter[6] ; F7_ReadyIII:inst8|CLK_1kHz ; F7_ReadyIII:inst8|CLK_1kHz ; 1.000        ; 0.000      ; 13.381     ;
; -12.702 ; F7_ReadyIII:inst8|counter[2] ; F7_ReadyIII:inst8|counter[5] ; F7_ReadyIII:inst8|CLK_1kHz ; F7_ReadyIII:inst8|CLK_1kHz ; 1.000        ; 0.000      ; 13.381     ;
; -12.702 ; F7_ReadyIII:inst8|counter[2] ; F7_ReadyIII:inst8|counter[4] ; F7_ReadyIII:inst8|CLK_1kHz ; F7_ReadyIII:inst8|CLK_1kHz ; 1.000        ; 0.000      ; 13.381     ;
; -12.702 ; F7_ReadyIII:inst8|counter[2] ; F7_ReadyIII:inst8|counter[3] ; F7_ReadyIII:inst8|CLK_1kHz ; F7_ReadyIII:inst8|CLK_1kHz ; 1.000        ; 0.000      ; 13.381     ;
; -12.702 ; F7_ReadyIII:inst8|counter[2] ; F7_ReadyIII:inst8|counter[2] ; F7_ReadyIII:inst8|CLK_1kHz ; F7_ReadyIII:inst8|CLK_1kHz ; 1.000        ; 0.000      ; 13.381     ;
; -12.695 ; F7_ReadyIII:inst8|counter[2] ; F7_ReadyIII:inst8|READY      ; F7_ReadyIII:inst8|CLK_1kHz ; F7_ReadyIII:inst8|CLK_1kHz ; 1.000        ; 0.055      ; 13.429     ;
; -12.694 ; F7_ReadyIII:inst8|counter[2] ; F7_ReadyIII:inst8|counter[0] ; F7_ReadyIII:inst8|CLK_1kHz ; F7_ReadyIII:inst8|CLK_1kHz ; 1.000        ; 0.055      ; 13.428     ;
; -12.514 ; F7_ReadyIII:inst8|counter[5] ; F7_ReadyIII:inst8|counter[1] ; F7_ReadyIII:inst8|CLK_1kHz ; F7_ReadyIII:inst8|CLK_1kHz ; 1.000        ; 0.000      ; 13.193     ;
; -12.514 ; F7_ReadyIII:inst8|counter[5] ; F7_ReadyIII:inst8|counter[8] ; F7_ReadyIII:inst8|CLK_1kHz ; F7_ReadyIII:inst8|CLK_1kHz ; 1.000        ; 0.000      ; 13.193     ;
; -12.514 ; F7_ReadyIII:inst8|counter[5] ; F7_ReadyIII:inst8|counter[7] ; F7_ReadyIII:inst8|CLK_1kHz ; F7_ReadyIII:inst8|CLK_1kHz ; 1.000        ; 0.000      ; 13.193     ;
; -12.514 ; F7_ReadyIII:inst8|counter[5] ; F7_ReadyIII:inst8|counter[6] ; F7_ReadyIII:inst8|CLK_1kHz ; F7_ReadyIII:inst8|CLK_1kHz ; 1.000        ; 0.000      ; 13.193     ;
; -12.514 ; F7_ReadyIII:inst8|counter[5] ; F7_ReadyIII:inst8|counter[5] ; F7_ReadyIII:inst8|CLK_1kHz ; F7_ReadyIII:inst8|CLK_1kHz ; 1.000        ; 0.000      ; 13.193     ;
; -12.514 ; F7_ReadyIII:inst8|counter[5] ; F7_ReadyIII:inst8|counter[4] ; F7_ReadyIII:inst8|CLK_1kHz ; F7_ReadyIII:inst8|CLK_1kHz ; 1.000        ; 0.000      ; 13.193     ;
; -12.514 ; F7_ReadyIII:inst8|counter[5] ; F7_ReadyIII:inst8|counter[3] ; F7_ReadyIII:inst8|CLK_1kHz ; F7_ReadyIII:inst8|CLK_1kHz ; 1.000        ; 0.000      ; 13.193     ;
; -12.514 ; F7_ReadyIII:inst8|counter[5] ; F7_ReadyIII:inst8|counter[2] ; F7_ReadyIII:inst8|CLK_1kHz ; F7_ReadyIII:inst8|CLK_1kHz ; 1.000        ; 0.000      ; 13.193     ;
; -12.507 ; F7_ReadyIII:inst8|counter[5] ; F7_ReadyIII:inst8|READY      ; F7_ReadyIII:inst8|CLK_1kHz ; F7_ReadyIII:inst8|CLK_1kHz ; 1.000        ; 0.055      ; 13.241     ;
; -12.506 ; F7_ReadyIII:inst8|counter[5] ; F7_ReadyIII:inst8|counter[0] ; F7_ReadyIII:inst8|CLK_1kHz ; F7_ReadyIII:inst8|CLK_1kHz ; 1.000        ; 0.055      ; 13.240     ;
; -11.680 ; F7_ReadyIII:inst8|counter[3] ; F7_ReadyIII:inst8|counter[1] ; F7_ReadyIII:inst8|CLK_1kHz ; F7_ReadyIII:inst8|CLK_1kHz ; 1.000        ; 0.000      ; 12.359     ;
; -11.680 ; F7_ReadyIII:inst8|counter[3] ; F7_ReadyIII:inst8|counter[8] ; F7_ReadyIII:inst8|CLK_1kHz ; F7_ReadyIII:inst8|CLK_1kHz ; 1.000        ; 0.000      ; 12.359     ;
; -11.680 ; F7_ReadyIII:inst8|counter[3] ; F7_ReadyIII:inst8|counter[7] ; F7_ReadyIII:inst8|CLK_1kHz ; F7_ReadyIII:inst8|CLK_1kHz ; 1.000        ; 0.000      ; 12.359     ;
; -11.680 ; F7_ReadyIII:inst8|counter[3] ; F7_ReadyIII:inst8|counter[6] ; F7_ReadyIII:inst8|CLK_1kHz ; F7_ReadyIII:inst8|CLK_1kHz ; 1.000        ; 0.000      ; 12.359     ;
; -11.680 ; F7_ReadyIII:inst8|counter[3] ; F7_ReadyIII:inst8|counter[5] ; F7_ReadyIII:inst8|CLK_1kHz ; F7_ReadyIII:inst8|CLK_1kHz ; 1.000        ; 0.000      ; 12.359     ;
; -11.680 ; F7_ReadyIII:inst8|counter[3] ; F7_ReadyIII:inst8|counter[4] ; F7_ReadyIII:inst8|CLK_1kHz ; F7_ReadyIII:inst8|CLK_1kHz ; 1.000        ; 0.000      ; 12.359     ;
; -11.680 ; F7_ReadyIII:inst8|counter[3] ; F7_ReadyIII:inst8|counter[3] ; F7_ReadyIII:inst8|CLK_1kHz ; F7_ReadyIII:inst8|CLK_1kHz ; 1.000        ; 0.000      ; 12.359     ;
; -11.680 ; F7_ReadyIII:inst8|counter[3] ; F7_ReadyIII:inst8|counter[2] ; F7_ReadyIII:inst8|CLK_1kHz ; F7_ReadyIII:inst8|CLK_1kHz ; 1.000        ; 0.000      ; 12.359     ;
; -11.673 ; F7_ReadyIII:inst8|counter[3] ; F7_ReadyIII:inst8|READY      ; F7_ReadyIII:inst8|CLK_1kHz ; F7_ReadyIII:inst8|CLK_1kHz ; 1.000        ; 0.055      ; 12.407     ;
; -11.672 ; F7_ReadyIII:inst8|counter[3] ; F7_ReadyIII:inst8|counter[0] ; F7_ReadyIII:inst8|CLK_1kHz ; F7_ReadyIII:inst8|CLK_1kHz ; 1.000        ; 0.055      ; 12.406     ;
; -8.277  ; F7_ReadyIII:inst8|counter[7] ; F7_ReadyIII:inst8|counter[1] ; F7_ReadyIII:inst8|CLK_1kHz ; F7_ReadyIII:inst8|CLK_1kHz ; 1.000        ; 0.000      ; 8.956      ;
; -8.277  ; F7_ReadyIII:inst8|counter[7] ; F7_ReadyIII:inst8|counter[8] ; F7_ReadyIII:inst8|CLK_1kHz ; F7_ReadyIII:inst8|CLK_1kHz ; 1.000        ; 0.000      ; 8.956      ;
; -8.277  ; F7_ReadyIII:inst8|counter[7] ; F7_ReadyIII:inst8|counter[7] ; F7_ReadyIII:inst8|CLK_1kHz ; F7_ReadyIII:inst8|CLK_1kHz ; 1.000        ; 0.000      ; 8.956      ;
; -8.277  ; F7_ReadyIII:inst8|counter[7] ; F7_ReadyIII:inst8|counter[6] ; F7_ReadyIII:inst8|CLK_1kHz ; F7_ReadyIII:inst8|CLK_1kHz ; 1.000        ; 0.000      ; 8.956      ;
; -8.277  ; F7_ReadyIII:inst8|counter[7] ; F7_ReadyIII:inst8|counter[5] ; F7_ReadyIII:inst8|CLK_1kHz ; F7_ReadyIII:inst8|CLK_1kHz ; 1.000        ; 0.000      ; 8.956      ;
; -8.277  ; F7_ReadyIII:inst8|counter[7] ; F7_ReadyIII:inst8|counter[4] ; F7_ReadyIII:inst8|CLK_1kHz ; F7_ReadyIII:inst8|CLK_1kHz ; 1.000        ; 0.000      ; 8.956      ;
; -8.277  ; F7_ReadyIII:inst8|counter[7] ; F7_ReadyIII:inst8|counter[3] ; F7_ReadyIII:inst8|CLK_1kHz ; F7_ReadyIII:inst8|CLK_1kHz ; 1.000        ; 0.000      ; 8.956      ;
; -8.277  ; F7_ReadyIII:inst8|counter[7] ; F7_ReadyIII:inst8|counter[2] ; F7_ReadyIII:inst8|CLK_1kHz ; F7_ReadyIII:inst8|CLK_1kHz ; 1.000        ; 0.000      ; 8.956      ;
; -8.270  ; F7_ReadyIII:inst8|counter[7] ; F7_ReadyIII:inst8|READY      ; F7_ReadyIII:inst8|CLK_1kHz ; F7_ReadyIII:inst8|CLK_1kHz ; 1.000        ; 0.055      ; 9.004      ;
; -8.269  ; F7_ReadyIII:inst8|counter[7] ; F7_ReadyIII:inst8|counter[0] ; F7_ReadyIII:inst8|CLK_1kHz ; F7_ReadyIII:inst8|CLK_1kHz ; 1.000        ; 0.055      ; 9.003      ;
; -8.055  ; F7_ReadyIII:inst8|counter[0] ; F7_ReadyIII:inst8|counter[8] ; F7_ReadyIII:inst8|CLK_1kHz ; F7_ReadyIII:inst8|CLK_1kHz ; 1.000        ; -0.055     ; 8.679      ;
; -8.055  ; F7_ReadyIII:inst8|counter[0] ; F7_ReadyIII:inst8|counter[7] ; F7_ReadyIII:inst8|CLK_1kHz ; F7_ReadyIII:inst8|CLK_1kHz ; 1.000        ; -0.055     ; 8.679      ;
; -8.055  ; F7_ReadyIII:inst8|counter[0] ; F7_ReadyIII:inst8|counter[6] ; F7_ReadyIII:inst8|CLK_1kHz ; F7_ReadyIII:inst8|CLK_1kHz ; 1.000        ; -0.055     ; 8.679      ;
; -8.052  ; F7_ReadyIII:inst8|counter[8] ; F7_ReadyIII:inst8|counter[1] ; F7_ReadyIII:inst8|CLK_1kHz ; F7_ReadyIII:inst8|CLK_1kHz ; 1.000        ; 0.000      ; 8.731      ;
; -8.052  ; F7_ReadyIII:inst8|counter[8] ; F7_ReadyIII:inst8|counter[8] ; F7_ReadyIII:inst8|CLK_1kHz ; F7_ReadyIII:inst8|CLK_1kHz ; 1.000        ; 0.000      ; 8.731      ;
; -8.052  ; F7_ReadyIII:inst8|counter[8] ; F7_ReadyIII:inst8|counter[7] ; F7_ReadyIII:inst8|CLK_1kHz ; F7_ReadyIII:inst8|CLK_1kHz ; 1.000        ; 0.000      ; 8.731      ;
; -8.052  ; F7_ReadyIII:inst8|counter[8] ; F7_ReadyIII:inst8|counter[6] ; F7_ReadyIII:inst8|CLK_1kHz ; F7_ReadyIII:inst8|CLK_1kHz ; 1.000        ; 0.000      ; 8.731      ;
; -8.052  ; F7_ReadyIII:inst8|counter[8] ; F7_ReadyIII:inst8|counter[5] ; F7_ReadyIII:inst8|CLK_1kHz ; F7_ReadyIII:inst8|CLK_1kHz ; 1.000        ; 0.000      ; 8.731      ;
; -8.052  ; F7_ReadyIII:inst8|counter[8] ; F7_ReadyIII:inst8|counter[4] ; F7_ReadyIII:inst8|CLK_1kHz ; F7_ReadyIII:inst8|CLK_1kHz ; 1.000        ; 0.000      ; 8.731      ;
; -8.052  ; F7_ReadyIII:inst8|counter[8] ; F7_ReadyIII:inst8|counter[3] ; F7_ReadyIII:inst8|CLK_1kHz ; F7_ReadyIII:inst8|CLK_1kHz ; 1.000        ; 0.000      ; 8.731      ;
; -8.052  ; F7_ReadyIII:inst8|counter[8] ; F7_ReadyIII:inst8|counter[2] ; F7_ReadyIII:inst8|CLK_1kHz ; F7_ReadyIII:inst8|CLK_1kHz ; 1.000        ; 0.000      ; 8.731      ;
; -8.045  ; F7_ReadyIII:inst8|counter[8] ; F7_ReadyIII:inst8|READY      ; F7_ReadyIII:inst8|CLK_1kHz ; F7_ReadyIII:inst8|CLK_1kHz ; 1.000        ; 0.055      ; 8.779      ;
; -8.044  ; F7_ReadyIII:inst8|counter[8] ; F7_ReadyIII:inst8|counter[0] ; F7_ReadyIII:inst8|CLK_1kHz ; F7_ReadyIII:inst8|CLK_1kHz ; 1.000        ; 0.055      ; 8.778      ;
; -7.436  ; F7_ReadyIII:inst8|counter[0] ; F7_ReadyIII:inst8|counter[5] ; F7_ReadyIII:inst8|CLK_1kHz ; F7_ReadyIII:inst8|CLK_1kHz ; 1.000        ; -0.055     ; 8.060      ;
; -7.276  ; F7_ReadyIII:inst8|counter[0] ; F7_ReadyIII:inst8|counter[4] ; F7_ReadyIII:inst8|CLK_1kHz ; F7_ReadyIII:inst8|CLK_1kHz ; 1.000        ; -0.055     ; 7.900      ;
; -7.227  ; F7_ReadyIII:inst8|counter[6] ; F7_ReadyIII:inst8|counter[1] ; F7_ReadyIII:inst8|CLK_1kHz ; F7_ReadyIII:inst8|CLK_1kHz ; 1.000        ; 0.000      ; 7.906      ;
; -7.227  ; F7_ReadyIII:inst8|counter[6] ; F7_ReadyIII:inst8|counter[8] ; F7_ReadyIII:inst8|CLK_1kHz ; F7_ReadyIII:inst8|CLK_1kHz ; 1.000        ; 0.000      ; 7.906      ;
; -7.227  ; F7_ReadyIII:inst8|counter[6] ; F7_ReadyIII:inst8|counter[7] ; F7_ReadyIII:inst8|CLK_1kHz ; F7_ReadyIII:inst8|CLK_1kHz ; 1.000        ; 0.000      ; 7.906      ;
; -7.227  ; F7_ReadyIII:inst8|counter[6] ; F7_ReadyIII:inst8|counter[6] ; F7_ReadyIII:inst8|CLK_1kHz ; F7_ReadyIII:inst8|CLK_1kHz ; 1.000        ; 0.000      ; 7.906      ;
; -7.227  ; F7_ReadyIII:inst8|counter[6] ; F7_ReadyIII:inst8|counter[5] ; F7_ReadyIII:inst8|CLK_1kHz ; F7_ReadyIII:inst8|CLK_1kHz ; 1.000        ; 0.000      ; 7.906      ;
; -7.227  ; F7_ReadyIII:inst8|counter[6] ; F7_ReadyIII:inst8|counter[4] ; F7_ReadyIII:inst8|CLK_1kHz ; F7_ReadyIII:inst8|CLK_1kHz ; 1.000        ; 0.000      ; 7.906      ;
; -7.227  ; F7_ReadyIII:inst8|counter[6] ; F7_ReadyIII:inst8|counter[3] ; F7_ReadyIII:inst8|CLK_1kHz ; F7_ReadyIII:inst8|CLK_1kHz ; 1.000        ; 0.000      ; 7.906      ;
; -7.227  ; F7_ReadyIII:inst8|counter[6] ; F7_ReadyIII:inst8|counter[2] ; F7_ReadyIII:inst8|CLK_1kHz ; F7_ReadyIII:inst8|CLK_1kHz ; 1.000        ; 0.000      ; 7.906      ;
; -7.220  ; F7_ReadyIII:inst8|counter[6] ; F7_ReadyIII:inst8|READY      ; F7_ReadyIII:inst8|CLK_1kHz ; F7_ReadyIII:inst8|CLK_1kHz ; 1.000        ; 0.055      ; 7.954      ;
; -7.219  ; F7_ReadyIII:inst8|counter[6] ; F7_ReadyIII:inst8|counter[0] ; F7_ReadyIII:inst8|CLK_1kHz ; F7_ReadyIII:inst8|CLK_1kHz ; 1.000        ; 0.055      ; 7.953      ;
; -7.116  ; F7_ReadyIII:inst8|counter[0] ; F7_ReadyIII:inst8|counter[3] ; F7_ReadyIII:inst8|CLK_1kHz ; F7_ReadyIII:inst8|CLK_1kHz ; 1.000        ; -0.055     ; 7.740      ;
; -6.956  ; F7_ReadyIII:inst8|counter[0] ; F7_ReadyIII:inst8|counter[2] ; F7_ReadyIII:inst8|CLK_1kHz ; F7_ReadyIII:inst8|CLK_1kHz ; 1.000        ; -0.055     ; 7.580      ;
; -6.484  ; F7_ReadyIII:inst8|counter[1] ; F7_ReadyIII:inst8|counter[8] ; F7_ReadyIII:inst8|CLK_1kHz ; F7_ReadyIII:inst8|CLK_1kHz ; 1.000        ; 0.000      ; 7.163      ;
; -6.484  ; F7_ReadyIII:inst8|counter[1] ; F7_ReadyIII:inst8|counter[7] ; F7_ReadyIII:inst8|CLK_1kHz ; F7_ReadyIII:inst8|CLK_1kHz ; 1.000        ; 0.000      ; 7.163      ;
; -6.484  ; F7_ReadyIII:inst8|counter[1] ; F7_ReadyIII:inst8|counter[6] ; F7_ReadyIII:inst8|CLK_1kHz ; F7_ReadyIII:inst8|CLK_1kHz ; 1.000        ; 0.000      ; 7.163      ;
; -5.914  ; F7_ReadyIII:inst8|counter[0] ; F7_ReadyIII:inst8|counter[1] ; F7_ReadyIII:inst8|CLK_1kHz ; F7_ReadyIII:inst8|CLK_1kHz ; 1.000        ; -0.055     ; 6.538      ;
; -5.865  ; F7_ReadyIII:inst8|counter[1] ; F7_ReadyIII:inst8|counter[5] ; F7_ReadyIII:inst8|CLK_1kHz ; F7_ReadyIII:inst8|CLK_1kHz ; 1.000        ; 0.000      ; 6.544      ;
; -5.705  ; F7_ReadyIII:inst8|counter[1] ; F7_ReadyIII:inst8|counter[4] ; F7_ReadyIII:inst8|CLK_1kHz ; F7_ReadyIII:inst8|CLK_1kHz ; 1.000        ; 0.000      ; 6.384      ;
; -5.545  ; F7_ReadyIII:inst8|counter[1] ; F7_ReadyIII:inst8|counter[3] ; F7_ReadyIII:inst8|CLK_1kHz ; F7_ReadyIII:inst8|CLK_1kHz ; 1.000        ; 0.000      ; 6.224      ;
; -5.385  ; F7_ReadyIII:inst8|counter[1] ; F7_ReadyIII:inst8|counter[2] ; F7_ReadyIII:inst8|CLK_1kHz ; F7_ReadyIII:inst8|CLK_1kHz ; 1.000        ; 0.000      ; 6.064      ;
; -4.611  ; F7_ReadyIII:inst8|counter[1] ; F7_ReadyIII:inst8|counter[1] ; F7_ReadyIII:inst8|CLK_1kHz ; F7_ReadyIII:inst8|CLK_1kHz ; 1.000        ; 0.000      ; 5.290      ;
; -4.577  ; F7_ReadyIII:inst8|counter[0] ; F7_ReadyIII:inst8|counter[0] ; F7_ReadyIII:inst8|CLK_1kHz ; F7_ReadyIII:inst8|CLK_1kHz ; 1.000        ; 0.000      ; 5.256      ;
+---------+------------------------------+------------------------------+----------------------------+----------------------------+--------------+------------+------------+


+---------------------------------------------------------------------------------------------------------------------------------------------------------------------------------------+
; Setup: 'F0_CE_CLOCKS:inst12|MCLKDV8'                                                                                                                                                  ;
+--------+------------------------------------+------------------------------------+-----------------------------+-----------------------------+--------------+------------+------------+
; Slack  ; From Node                          ; To Node                            ; Launch Clock                ; Latch Clock                 ; Relationship ; Clock Skew ; Data Delay ;
+--------+------------------------------------+------------------------------------+-----------------------------+-----------------------------+--------------+------------+------------+
; -9.028 ; F15_Par2I2S_2S4P:inst16|Lshift[14] ; F15_Par2I2S_2S4P:inst16|Lshift[18] ; F0_CE_CLOCKS:inst12|MCLKDV8 ; F0_CE_CLOCKS:inst12|MCLKDV8 ; 1.000        ; 0.000      ; 9.707      ;
; -7.249 ; F15_Par2I2S_2S4P:inst16|Lshift[6]  ; F15_Par2I2S_2S4P:inst16|Rshift[11] ; F0_CE_CLOCKS:inst12|MCLKDV8 ; F0_CE_CLOCKS:inst12|MCLKDV8 ; 1.000        ; 0.000      ; 7.928      ;
; -5.885 ; F15_Par2I2S_2S4P:inst16|Lshift[12] ; F15_Par2I2S_2S4P:inst16|Lshift[16] ; F0_CE_CLOCKS:inst12|MCLKDV8 ; F0_CE_CLOCKS:inst12|MCLKDV8 ; 1.000        ; 0.000      ; 6.564      ;
; -5.745 ; F15_Par2I2S_2S4P:inst16|Rshift[17] ; F15_Par2I2S_2S4P:inst16|Rshift[21] ; F0_CE_CLOCKS:inst12|MCLKDV8 ; F0_CE_CLOCKS:inst12|MCLKDV8 ; 1.000        ; 0.000      ; 6.424      ;
; -5.249 ; F15_Par2I2S_2S4P:inst16|Lshift[17] ; F15_Par2I2S_2S4P:inst16|Lshift[21] ; F0_CE_CLOCKS:inst12|MCLKDV8 ; F0_CE_CLOCKS:inst12|MCLKDV8 ; 1.000        ; 0.000      ; 5.928      ;
; -3.782 ; F15_Par2I2S_2S4P:inst16|Lshift[7]  ; F15_Par2I2S_2S4P:inst16|Lshift[6]  ; F0_CE_CLOCKS:inst12|MCLKDV8 ; F0_CE_CLOCKS:inst12|MCLKDV8 ; 1.000        ; 0.000      ; 4.461      ;
; -3.127 ; F15_Par2I2S_2S4P:inst16|Lshift[11] ; F15_Par2I2S_2S4P:inst16|Lshift[15] ; F0_CE_CLOCKS:inst12|MCLKDV8 ; F0_CE_CLOCKS:inst12|MCLKDV8 ; 1.000        ; 0.000      ; 3.806      ;
; -2.758 ; F15_Par2I2S_2S4P:inst16|Rshift[11] ; F15_Par2I2S_2S4P:inst16|Rshift[15] ; F0_CE_CLOCKS:inst12|MCLKDV8 ; F0_CE_CLOCKS:inst12|MCLKDV8 ; 1.000        ; 0.000      ; 3.437      ;
; -2.757 ; F15_Par2I2S_2S4P:inst16|Rshift[11] ; F15_Par2I2S_2S4P:inst16|Lshift[14] ; F0_CE_CLOCKS:inst12|MCLKDV8 ; F0_CE_CLOCKS:inst12|MCLKDV8 ; 1.000        ; 0.000      ; 3.436      ;
; -2.743 ; F15_Par2I2S_2S4P:inst16|Rshift[16] ; F15_Par2I2S_2S4P:inst16|Rshift[20] ; F0_CE_CLOCKS:inst12|MCLKDV8 ; F0_CE_CLOCKS:inst12|MCLKDV8 ; 1.000        ; 0.000      ; 3.422      ;
; -2.730 ; F15_Par2I2S_2S4P:inst16|Lshift[17] ; F15_Par2I2S_2S4P:inst16|Rshift[22] ; F0_CE_CLOCKS:inst12|MCLKDV8 ; F0_CE_CLOCKS:inst12|MCLKDV8 ; 1.000        ; 0.000      ; 3.409      ;
; -2.730 ; F15_Par2I2S_2S4P:inst16|Lshift[16] ; F15_Par2I2S_2S4P:inst16|Lshift[20] ; F0_CE_CLOCKS:inst12|MCLKDV8 ; F0_CE_CLOCKS:inst12|MCLKDV8 ; 1.000        ; 0.000      ; 3.409      ;
; -2.728 ; F15_Par2I2S_2S4P:inst16|Lshift[9]  ; F15_Par2I2S_2S4P:inst16|Rshift[14] ; F0_CE_CLOCKS:inst12|MCLKDV8 ; F0_CE_CLOCKS:inst12|MCLKDV8 ; 1.000        ; 0.000      ; 3.407      ;
; -2.728 ; F15_Par2I2S_2S4P:inst16|Lshift[19] ; F15_Par2I2S_2S4P:inst16|Lshift[23] ; F0_CE_CLOCKS:inst12|MCLKDV8 ; F0_CE_CLOCKS:inst12|MCLKDV8 ; 1.000        ; 0.000      ; 3.407      ;
; -2.726 ; F15_Par2I2S_2S4P:inst16|Rshift[14] ; F15_Par2I2S_2S4P:inst16|Lshift[17] ; F0_CE_CLOCKS:inst12|MCLKDV8 ; F0_CE_CLOCKS:inst12|MCLKDV8 ; 1.000        ; 0.000      ; 3.405      ;
; -2.711 ; F15_Par2I2S_2S4P:inst16|Rshift[15] ; F15_Par2I2S_2S4P:inst16|Rshift[16] ; F0_CE_CLOCKS:inst12|MCLKDV8 ; F0_CE_CLOCKS:inst12|MCLKDV8 ; 1.000        ; 0.000      ; 3.390      ;
; -2.494 ; F15_Par2I2S_2S4P:inst16|Lshift[18] ; F15_Par2I2S_2S4P:inst16|Lshift[22] ; F0_CE_CLOCKS:inst12|MCLKDV8 ; F0_CE_CLOCKS:inst12|MCLKDV8 ; 1.000        ; 0.000      ; 3.173      ;
; -2.491 ; F15_Par2I2S_2S4P:inst16|Lshift[11] ; F15_Par2I2S_2S4P:inst16|Lshift[9]  ; F0_CE_CLOCKS:inst12|MCLKDV8 ; F0_CE_CLOCKS:inst12|MCLKDV8 ; 1.000        ; 0.000      ; 3.170      ;
; -2.480 ; F15_Par2I2S_2S4P:inst16|Lshift[15] ; F15_Par2I2S_2S4P:inst16|Lshift[19] ; F0_CE_CLOCKS:inst12|MCLKDV8 ; F0_CE_CLOCKS:inst12|MCLKDV8 ; 1.000        ; 0.000      ; 3.159      ;
; -2.478 ; F15_Par2I2S_2S4P:inst16|Lshift[7]  ; F15_Par2I2S_2S4P:inst16|Lshift[11] ; F0_CE_CLOCKS:inst12|MCLKDV8 ; F0_CE_CLOCKS:inst12|MCLKDV8 ; 1.000        ; 0.000      ; 3.157      ;
; -2.477 ; F15_Par2I2S_2S4P:inst16|Lshift[6]  ; F15_Par2I2S_2S4P:inst16|Rshift[17] ; F0_CE_CLOCKS:inst12|MCLKDV8 ; F0_CE_CLOCKS:inst12|MCLKDV8 ; 1.000        ; 0.000      ; 3.156      ;
; -2.466 ; F15_Par2I2S_2S4P:inst16|Rshift[19] ; F15_Par2I2S_2S4P:inst16|Rshift[23] ; F0_CE_CLOCKS:inst12|MCLKDV8 ; F0_CE_CLOCKS:inst12|MCLKDV8 ; 1.000        ; 0.000      ; 3.145      ;
; -0.547 ; F15_Par2I2S_2S4P:inst16|Rshift[17] ; F15_Par2I2S_2S4P:inst16|Lshift[12] ; F0_CE_CLOCKS:inst12|MCLKDV8 ; F0_CE_CLOCKS:inst12|MCLKDV8 ; 1.000        ; 0.000      ; 1.226      ;
; -0.547 ; F15_Par2I2S_2S4P:inst16|Rshift[15] ; F15_Par2I2S_2S4P:inst16|Rshift[19] ; F0_CE_CLOCKS:inst12|MCLKDV8 ; F0_CE_CLOCKS:inst12|MCLKDV8 ; 1.000        ; 0.000      ; 1.226      ;
+--------+------------------------------------+------------------------------------+-----------------------------+-----------------------------+--------------+------------+------------+


+-------------------------------------------------------------------------------------------------------------------------------------------------------------------------------------------+
; Setup: 'LUT_counter128P:inst11|LUTclk'                                                                                                                                                    ;
+--------+------------------------------------+------------------------------------+-------------------------------+-------------------------------+--------------+------------+------------+
; Slack  ; From Node                          ; To Node                            ; Launch Clock                  ; Latch Clock                   ; Relationship ; Clock Skew ; Data Delay ;
+--------+------------------------------------+------------------------------------+-------------------------------+-------------------------------+--------------+------------+------------+
; -6.806 ; LUT_counter128P:inst11|LUT_Addr[0] ; LUT_counter128P:inst11|LUT_Addr[6] ; LUT_counter128P:inst11|LUTclk ; LUT_counter128P:inst11|LUTclk ; 1.000        ; 0.000      ; 7.485      ;
; -6.806 ; LUT_counter128P:inst11|LUT_Addr[0] ; LUT_counter128P:inst11|LUT_Addr[5] ; LUT_counter128P:inst11|LUTclk ; LUT_counter128P:inst11|LUTclk ; 1.000        ; 0.000      ; 7.485      ;
; -6.464 ; LUT_counter128P:inst11|LUT_Addr[3] ; LUT_counter128P:inst11|LUT_Addr[6] ; LUT_counter128P:inst11|LUTclk ; LUT_counter128P:inst11|LUTclk ; 1.000        ; 0.000      ; 7.143      ;
; -6.464 ; LUT_counter128P:inst11|LUT_Addr[3] ; LUT_counter128P:inst11|LUT_Addr[5] ; LUT_counter128P:inst11|LUTclk ; LUT_counter128P:inst11|LUTclk ; 1.000        ; 0.000      ; 7.143      ;
; -6.346 ; LUT_counter128P:inst11|LUT_Addr[4] ; LUT_counter128P:inst11|LUT_Addr[6] ; LUT_counter128P:inst11|LUTclk ; LUT_counter128P:inst11|LUTclk ; 1.000        ; 0.000      ; 7.025      ;
; -6.346 ; LUT_counter128P:inst11|LUT_Addr[4] ; LUT_counter128P:inst11|LUT_Addr[5] ; LUT_counter128P:inst11|LUTclk ; LUT_counter128P:inst11|LUTclk ; 1.000        ; 0.000      ; 7.025      ;
; -6.301 ; LUT_counter128P:inst11|LUT_Addr[1] ; LUT_counter128P:inst11|LUT_Addr[6] ; LUT_counter128P:inst11|LUTclk ; LUT_counter128P:inst11|LUTclk ; 1.000        ; 0.000      ; 6.980      ;
; -6.301 ; LUT_counter128P:inst11|LUT_Addr[1] ; LUT_counter128P:inst11|LUT_Addr[5] ; LUT_counter128P:inst11|LUTclk ; LUT_counter128P:inst11|LUTclk ; 1.000        ; 0.000      ; 6.980      ;
; -6.187 ; LUT_counter128P:inst11|LUT_Addr[0] ; LUT_counter128P:inst11|LUT_Addr[4] ; LUT_counter128P:inst11|LUTclk ; LUT_counter128P:inst11|LUTclk ; 1.000        ; 0.000      ; 6.866      ;
; -6.142 ; LUT_counter128P:inst11|LUT_Addr[2] ; LUT_counter128P:inst11|LUT_Addr[6] ; LUT_counter128P:inst11|LUTclk ; LUT_counter128P:inst11|LUTclk ; 1.000        ; 0.000      ; 6.821      ;
; -6.142 ; LUT_counter128P:inst11|LUT_Addr[2] ; LUT_counter128P:inst11|LUT_Addr[5] ; LUT_counter128P:inst11|LUTclk ; LUT_counter128P:inst11|LUTclk ; 1.000        ; 0.000      ; 6.821      ;
; -6.027 ; LUT_counter128P:inst11|LUT_Addr[0] ; LUT_counter128P:inst11|LUT_Addr[3] ; LUT_counter128P:inst11|LUTclk ; LUT_counter128P:inst11|LUTclk ; 1.000        ; 0.000      ; 6.706      ;
; -5.867 ; LUT_counter128P:inst11|LUT_Addr[0] ; LUT_counter128P:inst11|LUT_Addr[2] ; LUT_counter128P:inst11|LUTclk ; LUT_counter128P:inst11|LUTclk ; 1.000        ; 0.000      ; 6.546      ;
; -5.845 ; LUT_counter128P:inst11|LUT_Addr[3] ; LUT_counter128P:inst11|LUT_Addr[4] ; LUT_counter128P:inst11|LUTclk ; LUT_counter128P:inst11|LUTclk ; 1.000        ; 0.000      ; 6.524      ;
; -5.830 ; LUT_counter128P:inst11|LUT_Addr[5] ; LUT_counter128P:inst11|LUT_Addr[6] ; LUT_counter128P:inst11|LUTclk ; LUT_counter128P:inst11|LUTclk ; 1.000        ; 0.000      ; 6.509      ;
; -5.682 ; LUT_counter128P:inst11|LUT_Addr[1] ; LUT_counter128P:inst11|LUT_Addr[4] ; LUT_counter128P:inst11|LUTclk ; LUT_counter128P:inst11|LUTclk ; 1.000        ; 0.000      ; 6.361      ;
; -5.523 ; LUT_counter128P:inst11|LUT_Addr[2] ; LUT_counter128P:inst11|LUT_Addr[4] ; LUT_counter128P:inst11|LUTclk ; LUT_counter128P:inst11|LUTclk ; 1.000        ; 0.000      ; 6.202      ;
; -5.522 ; LUT_counter128P:inst11|LUT_Addr[1] ; LUT_counter128P:inst11|LUT_Addr[3] ; LUT_counter128P:inst11|LUTclk ; LUT_counter128P:inst11|LUTclk ; 1.000        ; 0.000      ; 6.201      ;
; -5.363 ; LUT_counter128P:inst11|LUT_Addr[2] ; LUT_counter128P:inst11|LUT_Addr[3] ; LUT_counter128P:inst11|LUTclk ; LUT_counter128P:inst11|LUTclk ; 1.000        ; 0.000      ; 6.042      ;
; -5.362 ; LUT_counter128P:inst11|LUT_Addr[1] ; LUT_counter128P:inst11|LUT_Addr[2] ; LUT_counter128P:inst11|LUTclk ; LUT_counter128P:inst11|LUTclk ; 1.000        ; 0.000      ; 6.041      ;
; -4.825 ; LUT_counter128P:inst11|LUT_Addr[0] ; LUT_counter128P:inst11|LUT_Addr[1] ; LUT_counter128P:inst11|LUTclk ; LUT_counter128P:inst11|LUTclk ; 1.000        ; 0.000      ; 5.504      ;
; -4.803 ; LUT_counter128P:inst11|LUT_Addr[3] ; LUT_counter128P:inst11|LUT_Addr[3] ; LUT_counter128P:inst11|LUTclk ; LUT_counter128P:inst11|LUTclk ; 1.000        ; 0.000      ; 5.482      ;
; -4.789 ; LUT_counter128P:inst11|LUT_Addr[4] ; LUT_counter128P:inst11|LUT_Addr[4] ; LUT_counter128P:inst11|LUTclk ; LUT_counter128P:inst11|LUTclk ; 1.000        ; 0.000      ; 5.468      ;
; -4.788 ; LUT_counter128P:inst11|LUT_Addr[5] ; LUT_counter128P:inst11|LUT_Addr[5] ; LUT_counter128P:inst11|LUTclk ; LUT_counter128P:inst11|LUTclk ; 1.000        ; 0.000      ; 5.467      ;
; -4.589 ; LUT_counter128P:inst11|LUT_Addr[2] ; LUT_counter128P:inst11|LUT_Addr[2] ; LUT_counter128P:inst11|LUTclk ; LUT_counter128P:inst11|LUTclk ; 1.000        ; 0.000      ; 5.268      ;
; -4.588 ; LUT_counter128P:inst11|LUT_Addr[1] ; LUT_counter128P:inst11|LUT_Addr[1] ; LUT_counter128P:inst11|LUTclk ; LUT_counter128P:inst11|LUTclk ; 1.000        ; 0.000      ; 5.267      ;
; -3.761 ; LUT_counter128P:inst11|LUT_Addr[6] ; LUT_counter128P:inst11|LUT_Addr[6] ; LUT_counter128P:inst11|LUTclk ; LUT_counter128P:inst11|LUTclk ; 1.000        ; 0.000      ; 4.440      ;
; -2.746 ; LUT_counter128P:inst11|LUT_Addr[0] ; LUT_counter128P:inst11|LUT_Addr[0] ; LUT_counter128P:inst11|LUTclk ; LUT_counter128P:inst11|LUTclk ; 1.000        ; 0.000      ; 3.425      ;
+--------+------------------------------------+------------------------------------+-------------------------------+-------------------------------+--------------+------------+------------+


+----------------------------------------------------------------------------------------------------------------------------------------------------+
; Setup: 'MASTER_LRCK'                                                                                                                               ;
+--------+----------------------------------+----------------------------------+--------------+-------------+--------------+------------+------------+
; Slack  ; From Node                        ; To Node                          ; Launch Clock ; Latch Clock ; Relationship ; Clock Skew ; Data Delay ;
+--------+----------------------------------+----------------------------------+--------------+-------------+--------------+------------+------------+
; -6.022 ; LUT_counter128P:inst11|CNTdiv[0] ; LUT_counter128P:inst11|CNTdiv[3] ; MASTER_LRCK  ; MASTER_LRCK ; 1.000        ; 0.000      ; 6.701      ;
; -5.862 ; LUT_counter128P:inst11|CNTdiv[0] ; LUT_counter128P:inst11|CNTdiv[2] ; MASTER_LRCK  ; MASTER_LRCK ; 1.000        ; 0.000      ; 6.541      ;
; -5.852 ; LUT_counter128P:inst11|CNTdiv[2] ; LUT_counter128P:inst11|CNTdiv[3] ; MASTER_LRCK  ; MASTER_LRCK ; 1.000        ; 0.000      ; 6.531      ;
; -5.550 ; LUT_counter128P:inst11|CNTdiv[1] ; LUT_counter128P:inst11|CNTdiv[3] ; MASTER_LRCK  ; MASTER_LRCK ; 1.000        ; 0.000      ; 6.229      ;
; -5.390 ; LUT_counter128P:inst11|CNTdiv[1] ; LUT_counter128P:inst11|CNTdiv[2] ; MASTER_LRCK  ; MASTER_LRCK ; 1.000        ; 0.000      ; 6.069      ;
; -4.820 ; LUT_counter128P:inst11|CNTdiv[0] ; LUT_counter128P:inst11|CNTdiv[1] ; MASTER_LRCK  ; MASTER_LRCK ; 1.000        ; 0.000      ; 5.499      ;
; -4.810 ; LUT_counter128P:inst11|CNTdiv[2] ; LUT_counter128P:inst11|CNTdiv[2] ; MASTER_LRCK  ; MASTER_LRCK ; 1.000        ; 0.000      ; 5.489      ;
; -4.616 ; LUT_counter128P:inst11|CNTdiv[1] ; LUT_counter128P:inst11|CNTdiv[1] ; MASTER_LRCK  ; MASTER_LRCK ; 1.000        ; 0.000      ; 5.295      ;
; -3.733 ; LUT_counter128P:inst11|CNTdiv[3] ; LUT_counter128P:inst11|CNTdiv[3] ; MASTER_LRCK  ; MASTER_LRCK ; 1.000        ; 0.000      ; 4.412      ;
; -3.137 ; LUT_counter128P:inst11|CNTdiv[0] ; LUT_counter128P:inst11|CNTdiv[0] ; MASTER_LRCK  ; MASTER_LRCK ; 1.000        ; 0.000      ; 3.816      ;
+--------+----------------------------------+----------------------------------+--------------+-------------+--------------+------------+------------+


+-----------------------------------------------------------------------------------------------------------------------------------------------------------------------------+
; Hold: 'F0_CE_CLOCKS:inst12|MCLKDV64'                                                                                                                                        ;
+--------+------------------------------+------------------------------+------------------------------+------------------------------+--------------+------------+------------+
; Slack  ; From Node                    ; To Node                      ; Launch Clock                 ; Latch Clock                  ; Relationship ; Clock Skew ; Data Delay ;
+--------+------------------------------+------------------------------+------------------------------+------------------------------+--------------+------------+------------+
; -3.279 ; F7_ReadyIII:inst8|CLK_1kHz   ; F7_ReadyIII:inst8|CLK_1kHz   ; F7_ReadyIII:inst8|CLK_1kHz   ; F0_CE_CLOCKS:inst12|MCLKDV64 ; 0.000        ; 9.212      ; 6.466      ;
; -2.779 ; F7_ReadyIII:inst8|CLK_1kHz   ; F7_ReadyIII:inst8|CLK_1kHz   ; F7_ReadyIII:inst8|CLK_1kHz   ; F0_CE_CLOCKS:inst12|MCLKDV64 ; -0.500       ; 9.212      ; 6.466      ;
; 3.351  ; F7_ReadyIII:inst8|slowcnt[0] ; F7_ReadyIII:inst8|slowcnt[0] ; F0_CE_CLOCKS:inst12|MCLKDV64 ; F0_CE_CLOCKS:inst12|MCLKDV64 ; 0.000        ; 0.000      ; 3.390      ;
; 5.582  ; F7_ReadyIII:inst8|slowcnt[1] ; F7_ReadyIII:inst8|slowcnt[8] ; F0_CE_CLOCKS:inst12|MCLKDV64 ; F0_CE_CLOCKS:inst12|MCLKDV64 ; 0.000        ; 0.000      ; 5.621      ;
; 5.583  ; F7_ReadyIII:inst8|slowcnt[1] ; F7_ReadyIII:inst8|slowcnt[9] ; F0_CE_CLOCKS:inst12|MCLKDV64 ; F0_CE_CLOCKS:inst12|MCLKDV64 ; 0.000        ; 0.000      ; 5.622      ;
; 5.770  ; F7_ReadyIII:inst8|slowcnt[4] ; F7_ReadyIII:inst8|slowcnt[8] ; F0_CE_CLOCKS:inst12|MCLKDV64 ; F0_CE_CLOCKS:inst12|MCLKDV64 ; 0.000        ; 3.441      ; 9.250      ;
; 5.771  ; F7_ReadyIII:inst8|slowcnt[4] ; F7_ReadyIII:inst8|slowcnt[9] ; F0_CE_CLOCKS:inst12|MCLKDV64 ; F0_CE_CLOCKS:inst12|MCLKDV64 ; 0.000        ; 3.441      ; 9.251      ;
; 6.408  ; F7_ReadyIII:inst8|slowcnt[5] ; F7_ReadyIII:inst8|slowcnt[8] ; F0_CE_CLOCKS:inst12|MCLKDV64 ; F0_CE_CLOCKS:inst12|MCLKDV64 ; 0.000        ; 0.000      ; 6.447      ;
; 6.409  ; F7_ReadyIII:inst8|slowcnt[5] ; F7_ReadyIII:inst8|slowcnt[9] ; F0_CE_CLOCKS:inst12|MCLKDV64 ; F0_CE_CLOCKS:inst12|MCLKDV64 ; 0.000        ; 0.000      ; 6.448      ;
; 7.186  ; F7_ReadyIII:inst8|slowcnt[4] ; F7_ReadyIII:inst8|slowcnt[4] ; F0_CE_CLOCKS:inst12|MCLKDV64 ; F0_CE_CLOCKS:inst12|MCLKDV64 ; 0.000        ; 0.000      ; 7.225      ;
; 7.210  ; F7_ReadyIII:inst8|slowcnt[6] ; F7_ReadyIII:inst8|slowcnt[6] ; F0_CE_CLOCKS:inst12|MCLKDV64 ; F0_CE_CLOCKS:inst12|MCLKDV64 ; 0.000        ; 0.000      ; 7.249      ;
; 7.217  ; F7_ReadyIII:inst8|slowcnt[3] ; F7_ReadyIII:inst8|slowcnt[8] ; F0_CE_CLOCKS:inst12|MCLKDV64 ; F0_CE_CLOCKS:inst12|MCLKDV64 ; 0.000        ; 3.441      ; 10.697     ;
; 7.218  ; F7_ReadyIII:inst8|slowcnt[3] ; F7_ReadyIII:inst8|slowcnt[9] ; F0_CE_CLOCKS:inst12|MCLKDV64 ; F0_CE_CLOCKS:inst12|MCLKDV64 ; 0.000        ; 3.441      ; 10.698     ;
; 7.467  ; F7_ReadyIII:inst8|slowcnt[2] ; F7_ReadyIII:inst8|slowcnt[8] ; F0_CE_CLOCKS:inst12|MCLKDV64 ; F0_CE_CLOCKS:inst12|MCLKDV64 ; 0.000        ; 3.441      ; 10.947     ;
; 7.468  ; F7_ReadyIII:inst8|slowcnt[2] ; F7_ReadyIII:inst8|slowcnt[9] ; F0_CE_CLOCKS:inst12|MCLKDV64 ; F0_CE_CLOCKS:inst12|MCLKDV64 ; 0.000        ; 3.441      ; 10.948     ;
; 7.496  ; F7_ReadyIII:inst8|slowcnt[1] ; F7_ReadyIII:inst8|CLK_1kHz   ; F0_CE_CLOCKS:inst12|MCLKDV64 ; F0_CE_CLOCKS:inst12|MCLKDV64 ; 0.000        ; 2.094      ; 9.629      ;
; 7.684  ; F7_ReadyIII:inst8|slowcnt[4] ; F7_ReadyIII:inst8|CLK_1kHz   ; F0_CE_CLOCKS:inst12|MCLKDV64 ; F0_CE_CLOCKS:inst12|MCLKDV64 ; 0.000        ; 5.535      ; 13.258     ;
; 7.952  ; F7_ReadyIII:inst8|slowcnt[3] ; F7_ReadyIII:inst8|slowcnt[5] ; F0_CE_CLOCKS:inst12|MCLKDV64 ; F0_CE_CLOCKS:inst12|MCLKDV64 ; 0.000        ; 3.441      ; 11.432     ;
; 7.968  ; F7_ReadyIII:inst8|slowcnt[3] ; F7_ReadyIII:inst8|slowcnt[4] ; F0_CE_CLOCKS:inst12|MCLKDV64 ; F0_CE_CLOCKS:inst12|MCLKDV64 ; 0.000        ; 0.000      ; 8.007      ;
; 8.070  ; F7_ReadyIII:inst8|slowcnt[2] ; F7_ReadyIII:inst8|slowcnt[2] ; F0_CE_CLOCKS:inst12|MCLKDV64 ; F0_CE_CLOCKS:inst12|MCLKDV64 ; 0.000        ; 0.000      ; 8.109      ;
; 8.072  ; F7_ReadyIII:inst8|slowcnt[3] ; F7_ReadyIII:inst8|slowcnt[3] ; F0_CE_CLOCKS:inst12|MCLKDV64 ; F0_CE_CLOCKS:inst12|MCLKDV64 ; 0.000        ; 0.000      ; 8.111      ;
; 8.095  ; F7_ReadyIII:inst8|slowcnt[2] ; F7_ReadyIII:inst8|slowcnt[5] ; F0_CE_CLOCKS:inst12|MCLKDV64 ; F0_CE_CLOCKS:inst12|MCLKDV64 ; 0.000        ; 3.441      ; 11.575     ;
; 8.111  ; F7_ReadyIII:inst8|slowcnt[2] ; F7_ReadyIII:inst8|slowcnt[4] ; F0_CE_CLOCKS:inst12|MCLKDV64 ; F0_CE_CLOCKS:inst12|MCLKDV64 ; 0.000        ; 0.000      ; 8.150      ;
; 8.313  ; F7_ReadyIII:inst8|slowcnt[4] ; F7_ReadyIII:inst8|slowcnt[5] ; F0_CE_CLOCKS:inst12|MCLKDV64 ; F0_CE_CLOCKS:inst12|MCLKDV64 ; 0.000        ; 3.441      ; 11.793     ;
; 8.322  ; F7_ReadyIII:inst8|slowcnt[5] ; F7_ReadyIII:inst8|CLK_1kHz   ; F0_CE_CLOCKS:inst12|MCLKDV64 ; F0_CE_CLOCKS:inst12|MCLKDV64 ; 0.000        ; 2.094      ; 10.455     ;
; 8.393  ; F7_ReadyIII:inst8|slowcnt[6] ; F7_ReadyIII:inst8|slowcnt[9] ; F0_CE_CLOCKS:inst12|MCLKDV64 ; F0_CE_CLOCKS:inst12|MCLKDV64 ; 0.000        ; 3.441      ; 11.873     ;
; 8.531  ; F7_ReadyIII:inst8|slowcnt[3] ; F7_ReadyIII:inst8|slowcnt[6] ; F0_CE_CLOCKS:inst12|MCLKDV64 ; F0_CE_CLOCKS:inst12|MCLKDV64 ; 0.000        ; 0.000      ; 8.570      ;
; 8.674  ; F7_ReadyIII:inst8|slowcnt[2] ; F7_ReadyIII:inst8|slowcnt[6] ; F0_CE_CLOCKS:inst12|MCLKDV64 ; F0_CE_CLOCKS:inst12|MCLKDV64 ; 0.000        ; 0.000      ; 8.713      ;
; 8.840  ; F7_ReadyIII:inst8|slowcnt[6] ; F7_ReadyIII:inst8|slowcnt[8] ; F0_CE_CLOCKS:inst12|MCLKDV64 ; F0_CE_CLOCKS:inst12|MCLKDV64 ; 0.000        ; 3.441      ; 12.320     ;
; 8.892  ; F7_ReadyIII:inst8|slowcnt[4] ; F7_ReadyIII:inst8|slowcnt[6] ; F0_CE_CLOCKS:inst12|MCLKDV64 ; F0_CE_CLOCKS:inst12|MCLKDV64 ; 0.000        ; 0.000      ; 8.931      ;
; 9.042  ; F7_ReadyIII:inst8|slowcnt[2] ; F7_ReadyIII:inst8|slowcnt[3] ; F0_CE_CLOCKS:inst12|MCLKDV64 ; F0_CE_CLOCKS:inst12|MCLKDV64 ; 0.000        ; 0.000      ; 9.081      ;
; 9.131  ; F7_ReadyIII:inst8|slowcnt[3] ; F7_ReadyIII:inst8|CLK_1kHz   ; F0_CE_CLOCKS:inst12|MCLKDV64 ; F0_CE_CLOCKS:inst12|MCLKDV64 ; 0.000        ; 5.535      ; 14.705     ;
; 9.381  ; F7_ReadyIII:inst8|slowcnt[2] ; F7_ReadyIII:inst8|CLK_1kHz   ; F0_CE_CLOCKS:inst12|MCLKDV64 ; F0_CE_CLOCKS:inst12|MCLKDV64 ; 0.000        ; 5.535      ; 14.955     ;
; 9.438  ; F7_ReadyIII:inst8|slowcnt[7] ; F7_ReadyIII:inst8|slowcnt[8] ; F0_CE_CLOCKS:inst12|MCLKDV64 ; F0_CE_CLOCKS:inst12|MCLKDV64 ; 0.000        ; 0.000      ; 9.477      ;
; 9.439  ; F7_ReadyIII:inst8|slowcnt[7] ; F7_ReadyIII:inst8|slowcnt[9] ; F0_CE_CLOCKS:inst12|MCLKDV64 ; F0_CE_CLOCKS:inst12|MCLKDV64 ; 0.000        ; 0.000      ; 9.478      ;
; 9.712  ; F7_ReadyIII:inst8|slowcnt[6] ; F7_ReadyIII:inst8|slowcnt[7] ; F0_CE_CLOCKS:inst12|MCLKDV64 ; F0_CE_CLOCKS:inst12|MCLKDV64 ; 0.000        ; 3.441      ; 13.192     ;
; 9.741  ; F7_ReadyIII:inst8|slowcnt[9] ; F7_ReadyIII:inst8|slowcnt[9] ; F0_CE_CLOCKS:inst12|MCLKDV64 ; F0_CE_CLOCKS:inst12|MCLKDV64 ; 0.000        ; 0.000      ; 9.780      ;
; 9.809  ; F7_ReadyIII:inst8|slowcnt[3] ; F7_ReadyIII:inst8|slowcnt[7] ; F0_CE_CLOCKS:inst12|MCLKDV64 ; F0_CE_CLOCKS:inst12|MCLKDV64 ; 0.000        ; 3.441      ; 13.289     ;
; 9.952  ; F7_ReadyIII:inst8|slowcnt[2] ; F7_ReadyIII:inst8|slowcnt[7] ; F0_CE_CLOCKS:inst12|MCLKDV64 ; F0_CE_CLOCKS:inst12|MCLKDV64 ; 0.000        ; 3.441      ; 13.432     ;
; 10.170 ; F7_ReadyIII:inst8|slowcnt[4] ; F7_ReadyIII:inst8|slowcnt[7] ; F0_CE_CLOCKS:inst12|MCLKDV64 ; F0_CE_CLOCKS:inst12|MCLKDV64 ; 0.000        ; 3.441      ; 13.650     ;
; 10.482 ; F7_ReadyIII:inst8|slowcnt[0] ; F7_ReadyIII:inst8|slowcnt[5] ; F0_CE_CLOCKS:inst12|MCLKDV64 ; F0_CE_CLOCKS:inst12|MCLKDV64 ; 0.000        ; 2.342      ; 12.863     ;
; 10.498 ; F7_ReadyIII:inst8|slowcnt[0] ; F7_ReadyIII:inst8|slowcnt[4] ; F0_CE_CLOCKS:inst12|MCLKDV64 ; F0_CE_CLOCKS:inst12|MCLKDV64 ; 0.000        ; -1.099     ; 9.438      ;
; 10.732 ; F7_ReadyIII:inst8|slowcnt[0] ; F7_ReadyIII:inst8|slowcnt[9] ; F0_CE_CLOCKS:inst12|MCLKDV64 ; F0_CE_CLOCKS:inst12|MCLKDV64 ; 0.000        ; 2.342      ; 13.113     ;
; 10.913 ; F7_ReadyIII:inst8|slowcnt[5] ; F7_ReadyIII:inst8|slowcnt[5] ; F0_CE_CLOCKS:inst12|MCLKDV64 ; F0_CE_CLOCKS:inst12|MCLKDV64 ; 0.000        ; 0.000      ; 10.952     ;
; 11.061 ; F7_ReadyIII:inst8|slowcnt[0] ; F7_ReadyIII:inst8|slowcnt[6] ; F0_CE_CLOCKS:inst12|MCLKDV64 ; F0_CE_CLOCKS:inst12|MCLKDV64 ; 0.000        ; -1.099     ; 10.001     ;
; 11.284 ; F7_ReadyIII:inst8|slowcnt[0] ; F7_ReadyIII:inst8|slowcnt[2] ; F0_CE_CLOCKS:inst12|MCLKDV64 ; F0_CE_CLOCKS:inst12|MCLKDV64 ; 0.000        ; -1.099     ; 10.224     ;
; 11.323 ; F7_ReadyIII:inst8|slowcnt[0] ; F7_ReadyIII:inst8|slowcnt[8] ; F0_CE_CLOCKS:inst12|MCLKDV64 ; F0_CE_CLOCKS:inst12|MCLKDV64 ; 0.000        ; 2.342      ; 13.704     ;
; 11.352 ; F7_ReadyIII:inst8|slowcnt[7] ; F7_ReadyIII:inst8|CLK_1kHz   ; F0_CE_CLOCKS:inst12|MCLKDV64 ; F0_CE_CLOCKS:inst12|MCLKDV64 ; 0.000        ; 2.094      ; 13.485     ;
; 11.395 ; F7_ReadyIII:inst8|slowcnt[0] ; F7_ReadyIII:inst8|slowcnt[1] ; F0_CE_CLOCKS:inst12|MCLKDV64 ; F0_CE_CLOCKS:inst12|MCLKDV64 ; 0.000        ; 2.342      ; 13.776     ;
; 11.429 ; F7_ReadyIII:inst8|slowcnt[0] ; F7_ReadyIII:inst8|slowcnt[3] ; F0_CE_CLOCKS:inst12|MCLKDV64 ; F0_CE_CLOCKS:inst12|MCLKDV64 ; 0.000        ; -1.099     ; 10.369     ;
; 11.815 ; F7_ReadyIII:inst8|slowcnt[8] ; F7_ReadyIII:inst8|slowcnt[8] ; F0_CE_CLOCKS:inst12|MCLKDV64 ; F0_CE_CLOCKS:inst12|MCLKDV64 ; 0.000        ; 0.000      ; 11.854     ;
; 12.195 ; F7_ReadyIII:inst8|slowcnt[8] ; F7_ReadyIII:inst8|slowcnt[9] ; F0_CE_CLOCKS:inst12|MCLKDV64 ; F0_CE_CLOCKS:inst12|MCLKDV64 ; 0.000        ; 0.000      ; 12.234     ;
; 12.339 ; F7_ReadyIII:inst8|slowcnt[0] ; F7_ReadyIII:inst8|slowcnt[7] ; F0_CE_CLOCKS:inst12|MCLKDV64 ; F0_CE_CLOCKS:inst12|MCLKDV64 ; 0.000        ; 2.342      ; 14.720     ;
; 12.463 ; F7_ReadyIII:inst8|slowcnt[5] ; F7_ReadyIII:inst8|slowcnt[6] ; F0_CE_CLOCKS:inst12|MCLKDV64 ; F0_CE_CLOCKS:inst12|MCLKDV64 ; 0.000        ; -3.441     ; 9.061      ;
; 12.758 ; F7_ReadyIII:inst8|slowcnt[1] ; F7_ReadyIII:inst8|slowcnt[5] ; F0_CE_CLOCKS:inst12|MCLKDV64 ; F0_CE_CLOCKS:inst12|MCLKDV64 ; 0.000        ; 0.000      ; 12.797     ;
; 12.774 ; F7_ReadyIII:inst8|slowcnt[1] ; F7_ReadyIII:inst8|slowcnt[4] ; F0_CE_CLOCKS:inst12|MCLKDV64 ; F0_CE_CLOCKS:inst12|MCLKDV64 ; 0.000        ; -3.441     ; 9.372      ;
; 12.844 ; F7_ReadyIII:inst8|slowcnt[1] ; F7_ReadyIII:inst8|slowcnt[1] ; F0_CE_CLOCKS:inst12|MCLKDV64 ; F0_CE_CLOCKS:inst12|MCLKDV64 ; 0.000        ; 0.000      ; 12.883     ;
; 13.012 ; F7_ReadyIII:inst8|slowcnt[7] ; F7_ReadyIII:inst8|slowcnt[7] ; F0_CE_CLOCKS:inst12|MCLKDV64 ; F0_CE_CLOCKS:inst12|MCLKDV64 ; 0.000        ; 0.000      ; 13.051     ;
; 13.120 ; F7_ReadyIII:inst8|slowcnt[6] ; F7_ReadyIII:inst8|CLK_1kHz   ; F0_CE_CLOCKS:inst12|MCLKDV64 ; F0_CE_CLOCKS:inst12|MCLKDV64 ; 0.000        ; 5.535      ; 18.694     ;
; 13.337 ; F7_ReadyIII:inst8|slowcnt[1] ; F7_ReadyIII:inst8|slowcnt[6] ; F0_CE_CLOCKS:inst12|MCLKDV64 ; F0_CE_CLOCKS:inst12|MCLKDV64 ; 0.000        ; -3.441     ; 9.935      ;
; 13.560 ; F7_ReadyIII:inst8|slowcnt[1] ; F7_ReadyIII:inst8|slowcnt[2] ; F0_CE_CLOCKS:inst12|MCLKDV64 ; F0_CE_CLOCKS:inst12|MCLKDV64 ; 0.000        ; -3.441     ; 10.158     ;
; 13.705 ; F7_ReadyIII:inst8|slowcnt[1] ; F7_ReadyIII:inst8|slowcnt[3] ; F0_CE_CLOCKS:inst12|MCLKDV64 ; F0_CE_CLOCKS:inst12|MCLKDV64 ; 0.000        ; -3.441     ; 10.303     ;
; 13.747 ; F7_ReadyIII:inst8|slowcnt[0] ; F7_ReadyIII:inst8|CLK_1kHz   ; F0_CE_CLOCKS:inst12|MCLKDV64 ; F0_CE_CLOCKS:inst12|MCLKDV64 ; 0.000        ; 4.436      ; 18.222     ;
; 13.827 ; F7_ReadyIII:inst8|slowcnt[9] ; F7_ReadyIII:inst8|slowcnt[8] ; F0_CE_CLOCKS:inst12|MCLKDV64 ; F0_CE_CLOCKS:inst12|MCLKDV64 ; 0.000        ; 0.000      ; 13.866     ;
; 13.885 ; F7_ReadyIII:inst8|slowcnt[5] ; F7_ReadyIII:inst8|slowcnt[7] ; F0_CE_CLOCKS:inst12|MCLKDV64 ; F0_CE_CLOCKS:inst12|MCLKDV64 ; 0.000        ; 0.000      ; 13.924     ;
; 14.615 ; F7_ReadyIII:inst8|slowcnt[1] ; F7_ReadyIII:inst8|slowcnt[7] ; F0_CE_CLOCKS:inst12|MCLKDV64 ; F0_CE_CLOCKS:inst12|MCLKDV64 ; 0.000        ; 0.000      ; 14.654     ;
; 15.741 ; F7_ReadyIII:inst8|slowcnt[9] ; F7_ReadyIII:inst8|CLK_1kHz   ; F0_CE_CLOCKS:inst12|MCLKDV64 ; F0_CE_CLOCKS:inst12|MCLKDV64 ; 0.000        ; 2.094      ; 17.874     ;
; 15.927 ; F7_ReadyIII:inst8|slowcnt[8] ; F7_ReadyIII:inst8|CLK_1kHz   ; F0_CE_CLOCKS:inst12|MCLKDV64 ; F0_CE_CLOCKS:inst12|MCLKDV64 ; 0.000        ; 2.094      ; 18.060     ;
+--------+------------------------------+------------------------------+------------------------------+------------------------------+--------------+------------+------------+


+--------------------------------------------------------------------------------------------------------------------------------------------------------------------------------------+
; Hold: 'F0_CE_CLOCKS:inst12|MCLKDV8'                                                                                                                                                  ;
+-------+------------------------------------+------------------------------------+-----------------------------+-----------------------------+--------------+------------+------------+
; Slack ; From Node                          ; To Node                            ; Launch Clock                ; Latch Clock                 ; Relationship ; Clock Skew ; Data Delay ;
+-------+------------------------------------+------------------------------------+-----------------------------+-----------------------------+--------------+------------+------------+
; 1.187 ; F15_Par2I2S_2S4P:inst16|Rshift[17] ; F15_Par2I2S_2S4P:inst16|Lshift[12] ; F0_CE_CLOCKS:inst12|MCLKDV8 ; F0_CE_CLOCKS:inst12|MCLKDV8 ; 0.000        ; 0.000      ; 1.226      ;
; 1.187 ; F15_Par2I2S_2S4P:inst16|Rshift[15] ; F15_Par2I2S_2S4P:inst16|Rshift[19] ; F0_CE_CLOCKS:inst12|MCLKDV8 ; F0_CE_CLOCKS:inst12|MCLKDV8 ; 0.000        ; 0.000      ; 1.226      ;
; 3.106 ; F15_Par2I2S_2S4P:inst16|Rshift[19] ; F15_Par2I2S_2S4P:inst16|Rshift[23] ; F0_CE_CLOCKS:inst12|MCLKDV8 ; F0_CE_CLOCKS:inst12|MCLKDV8 ; 0.000        ; 0.000      ; 3.145      ;
; 3.117 ; F15_Par2I2S_2S4P:inst16|Lshift[6]  ; F15_Par2I2S_2S4P:inst16|Rshift[17] ; F0_CE_CLOCKS:inst12|MCLKDV8 ; F0_CE_CLOCKS:inst12|MCLKDV8 ; 0.000        ; 0.000      ; 3.156      ;
; 3.118 ; F15_Par2I2S_2S4P:inst16|Lshift[7]  ; F15_Par2I2S_2S4P:inst16|Lshift[11] ; F0_CE_CLOCKS:inst12|MCLKDV8 ; F0_CE_CLOCKS:inst12|MCLKDV8 ; 0.000        ; 0.000      ; 3.157      ;
; 3.120 ; F15_Par2I2S_2S4P:inst16|Lshift[15] ; F15_Par2I2S_2S4P:inst16|Lshift[19] ; F0_CE_CLOCKS:inst12|MCLKDV8 ; F0_CE_CLOCKS:inst12|MCLKDV8 ; 0.000        ; 0.000      ; 3.159      ;
; 3.131 ; F15_Par2I2S_2S4P:inst16|Lshift[11] ; F15_Par2I2S_2S4P:inst16|Lshift[9]  ; F0_CE_CLOCKS:inst12|MCLKDV8 ; F0_CE_CLOCKS:inst12|MCLKDV8 ; 0.000        ; 0.000      ; 3.170      ;
; 3.134 ; F15_Par2I2S_2S4P:inst16|Lshift[18] ; F15_Par2I2S_2S4P:inst16|Lshift[22] ; F0_CE_CLOCKS:inst12|MCLKDV8 ; F0_CE_CLOCKS:inst12|MCLKDV8 ; 0.000        ; 0.000      ; 3.173      ;
; 3.351 ; F15_Par2I2S_2S4P:inst16|Rshift[15] ; F15_Par2I2S_2S4P:inst16|Rshift[16] ; F0_CE_CLOCKS:inst12|MCLKDV8 ; F0_CE_CLOCKS:inst12|MCLKDV8 ; 0.000        ; 0.000      ; 3.390      ;
; 3.366 ; F15_Par2I2S_2S4P:inst16|Rshift[14] ; F15_Par2I2S_2S4P:inst16|Lshift[17] ; F0_CE_CLOCKS:inst12|MCLKDV8 ; F0_CE_CLOCKS:inst12|MCLKDV8 ; 0.000        ; 0.000      ; 3.405      ;
; 3.368 ; F15_Par2I2S_2S4P:inst16|Lshift[9]  ; F15_Par2I2S_2S4P:inst16|Rshift[14] ; F0_CE_CLOCKS:inst12|MCLKDV8 ; F0_CE_CLOCKS:inst12|MCLKDV8 ; 0.000        ; 0.000      ; 3.407      ;
; 3.368 ; F15_Par2I2S_2S4P:inst16|Lshift[19] ; F15_Par2I2S_2S4P:inst16|Lshift[23] ; F0_CE_CLOCKS:inst12|MCLKDV8 ; F0_CE_CLOCKS:inst12|MCLKDV8 ; 0.000        ; 0.000      ; 3.407      ;
; 3.370 ; F15_Par2I2S_2S4P:inst16|Lshift[17] ; F15_Par2I2S_2S4P:inst16|Rshift[22] ; F0_CE_CLOCKS:inst12|MCLKDV8 ; F0_CE_CLOCKS:inst12|MCLKDV8 ; 0.000        ; 0.000      ; 3.409      ;
; 3.370 ; F15_Par2I2S_2S4P:inst16|Lshift[16] ; F15_Par2I2S_2S4P:inst16|Lshift[20] ; F0_CE_CLOCKS:inst12|MCLKDV8 ; F0_CE_CLOCKS:inst12|MCLKDV8 ; 0.000        ; 0.000      ; 3.409      ;
; 3.383 ; F15_Par2I2S_2S4P:inst16|Rshift[16] ; F15_Par2I2S_2S4P:inst16|Rshift[20] ; F0_CE_CLOCKS:inst12|MCLKDV8 ; F0_CE_CLOCKS:inst12|MCLKDV8 ; 0.000        ; 0.000      ; 3.422      ;
; 3.397 ; F15_Par2I2S_2S4P:inst16|Rshift[11] ; F15_Par2I2S_2S4P:inst16|Lshift[14] ; F0_CE_CLOCKS:inst12|MCLKDV8 ; F0_CE_CLOCKS:inst12|MCLKDV8 ; 0.000        ; 0.000      ; 3.436      ;
; 3.398 ; F15_Par2I2S_2S4P:inst16|Rshift[11] ; F15_Par2I2S_2S4P:inst16|Rshift[15] ; F0_CE_CLOCKS:inst12|MCLKDV8 ; F0_CE_CLOCKS:inst12|MCLKDV8 ; 0.000        ; 0.000      ; 3.437      ;
; 3.767 ; F15_Par2I2S_2S4P:inst16|Lshift[11] ; F15_Par2I2S_2S4P:inst16|Lshift[15] ; F0_CE_CLOCKS:inst12|MCLKDV8 ; F0_CE_CLOCKS:inst12|MCLKDV8 ; 0.000        ; 0.000      ; 3.806      ;
; 4.422 ; F15_Par2I2S_2S4P:inst16|Lshift[7]  ; F15_Par2I2S_2S4P:inst16|Lshift[6]  ; F0_CE_CLOCKS:inst12|MCLKDV8 ; F0_CE_CLOCKS:inst12|MCLKDV8 ; 0.000        ; 0.000      ; 4.461      ;
; 5.889 ; F15_Par2I2S_2S4P:inst16|Lshift[17] ; F15_Par2I2S_2S4P:inst16|Lshift[21] ; F0_CE_CLOCKS:inst12|MCLKDV8 ; F0_CE_CLOCKS:inst12|MCLKDV8 ; 0.000        ; 0.000      ; 5.928      ;
; 6.385 ; F15_Par2I2S_2S4P:inst16|Rshift[17] ; F15_Par2I2S_2S4P:inst16|Rshift[21] ; F0_CE_CLOCKS:inst12|MCLKDV8 ; F0_CE_CLOCKS:inst12|MCLKDV8 ; 0.000        ; 0.000      ; 6.424      ;
; 6.525 ; F15_Par2I2S_2S4P:inst16|Lshift[12] ; F15_Par2I2S_2S4P:inst16|Lshift[16] ; F0_CE_CLOCKS:inst12|MCLKDV8 ; F0_CE_CLOCKS:inst12|MCLKDV8 ; 0.000        ; 0.000      ; 6.564      ;
; 7.889 ; F15_Par2I2S_2S4P:inst16|Lshift[6]  ; F15_Par2I2S_2S4P:inst16|Rshift[11] ; F0_CE_CLOCKS:inst12|MCLKDV8 ; F0_CE_CLOCKS:inst12|MCLKDV8 ; 0.000        ; 0.000      ; 7.928      ;
; 9.668 ; F15_Par2I2S_2S4P:inst16|Lshift[14] ; F15_Par2I2S_2S4P:inst16|Lshift[18] ; F0_CE_CLOCKS:inst12|MCLKDV8 ; F0_CE_CLOCKS:inst12|MCLKDV8 ; 0.000        ; 0.000      ; 9.707      ;
+-------+------------------------------------+------------------------------------+-----------------------------+-----------------------------+--------------+------------+------------+


+-------------------------------------------------------------------------------------------------------------------------------------------------+
; Hold: 'IN_PIN2'                                                                                                                                 ;
+-------+---------------------------------+---------------------------------+--------------+-------------+--------------+------------+------------+
; Slack ; From Node                       ; To Node                         ; Launch Clock ; Latch Clock ; Relationship ; Clock Skew ; Data Delay ;
+-------+---------------------------------+---------------------------------+--------------+-------------+--------------+------------+------------+
; 1.187 ; spi_slave:inst7|txBuffer[22]    ; spi_slave:inst7|txBuffer[23]    ; IN_PIN2      ; IN_PIN2     ; 0.000        ; 0.000      ; 1.226      ;
; 1.187 ; spi_slave:inst7|bit_counter[23] ; spi_slave:inst7|bit_counter[24] ; IN_PIN2      ; IN_PIN2     ; 0.000        ; 0.000      ; 1.226      ;
; 1.187 ; spi_slave:inst7|rxBuffer[11]    ; spi_slave:inst7|rxBuffer[12]    ; IN_PIN2      ; IN_PIN2     ; 0.000        ; 0.000      ; 1.226      ;
; 3.103 ; spi_slave:inst7|rxBuffer[2]     ; spi_slave:inst7|rxBuffer[3]     ; IN_PIN2      ; IN_PIN2     ; 0.000        ; 0.000      ; 3.142      ;
; 3.106 ; spi_slave:inst7|rxBuffer[5]     ; spi_slave:inst7|rxBuffer[6]     ; IN_PIN2      ; IN_PIN2     ; 0.000        ; 0.000      ; 3.145      ;
; 3.107 ; spi_slave:inst7|rxBuffer[0]     ; spi_slave:inst7|rxBuffer[1]     ; IN_PIN2      ; IN_PIN2     ; 0.000        ; 0.000      ; 3.146      ;
; 3.108 ; spi_slave:inst7|txBuffer[21]    ; spi_slave:inst7|txBuffer[22]    ; IN_PIN2      ; IN_PIN2     ; 0.000        ; 0.000      ; 3.147      ;
; 3.108 ; spi_slave:inst7|rxBuffer[22]    ; spi_slave:inst7|rxBuffer[23]    ; IN_PIN2      ; IN_PIN2     ; 0.000        ; 0.000      ; 3.147      ;
; 3.116 ; spi_slave:inst7|txBuffer[19]    ; spi_slave:inst7|txBuffer[20]    ; IN_PIN2      ; IN_PIN2     ; 0.000        ; 0.000      ; 3.155      ;
; 3.116 ; spi_slave:inst7|txBuffer[16]    ; spi_slave:inst7|txBuffer[17]    ; IN_PIN2      ; IN_PIN2     ; 0.000        ; 0.000      ; 3.155      ;
; 3.116 ; spi_slave:inst7|bit_counter[18] ; spi_slave:inst7|bit_counter[19] ; IN_PIN2      ; IN_PIN2     ; 0.000        ; 0.000      ; 3.155      ;
; 3.118 ; spi_slave:inst7|bit_counter[20] ; spi_slave:inst7|bit_counter[21] ; IN_PIN2      ; IN_PIN2     ; 0.000        ; 0.000      ; 3.157      ;
; 3.118 ; spi_slave:inst7|txBuffer[5]     ; spi_slave:inst7|txBuffer[6]     ; IN_PIN2      ; IN_PIN2     ; 0.000        ; 0.000      ; 3.157      ;
; 3.119 ; spi_slave:inst7|bit_counter[21] ; spi_slave:inst7|bit_counter[22] ; IN_PIN2      ; IN_PIN2     ; 0.000        ; 0.000      ; 3.158      ;
; 3.120 ; spi_slave:inst7|bit_counter[9]  ; spi_slave:inst7|bit_counter[10] ; IN_PIN2      ; IN_PIN2     ; 0.000        ; 0.000      ; 3.159      ;
; 3.120 ; spi_slave:inst7|bit_counter[8]  ; spi_slave:inst7|bit_counter[9]  ; IN_PIN2      ; IN_PIN2     ; 0.000        ; 0.000      ; 3.159      ;
; 3.121 ; spi_slave:inst7|bit_counter[15] ; spi_slave:inst7|bit_counter[16] ; IN_PIN2      ; IN_PIN2     ; 0.000        ; 0.000      ; 3.160      ;
; 3.128 ; spi_slave:inst7|bit_counter[7]  ; spi_slave:inst7|bit_counter[8]  ; IN_PIN2      ; IN_PIN2     ; 0.000        ; 0.000      ; 3.167      ;
; 3.128 ; spi_slave:inst7|rxBuffer[8]     ; spi_slave:inst7|rxBuffer[9]     ; IN_PIN2      ; IN_PIN2     ; 0.000        ; 0.000      ; 3.167      ;
; 3.128 ; spi_slave:inst7|rxBuffer[13]    ; spi_slave:inst7|rxBuffer[14]    ; IN_PIN2      ; IN_PIN2     ; 0.000        ; 0.000      ; 3.167      ;
; 3.129 ; spi_slave:inst7|txBuffer[4]     ; spi_slave:inst7|txBuffer[5]     ; IN_PIN2      ; IN_PIN2     ; 0.000        ; 0.000      ; 3.168      ;
; 3.130 ; spi_slave:inst7|txBuffer[8]     ; spi_slave:inst7|txBuffer[9]     ; IN_PIN2      ; IN_PIN2     ; 0.000        ; 0.000      ; 3.169      ;
; 3.130 ; spi_slave:inst7|rxBuffer[6]     ; spi_slave:inst7|rxBuffer[7]     ; IN_PIN2      ; IN_PIN2     ; 0.000        ; 0.000      ; 3.169      ;
; 3.130 ; spi_slave:inst7|rxBuffer[21]    ; spi_slave:inst7|rxBuffer[22]    ; IN_PIN2      ; IN_PIN2     ; 0.000        ; 0.000      ; 3.169      ;
; 3.131 ; spi_slave:inst7|txBuffer[15]    ; spi_slave:inst7|txBuffer[16]    ; IN_PIN2      ; IN_PIN2     ; 0.000        ; 0.000      ; 3.170      ;
; 3.131 ; spi_slave:inst7|bit_counter[17] ; spi_slave:inst7|bit_counter[18] ; IN_PIN2      ; IN_PIN2     ; 0.000        ; 0.000      ; 3.170      ;
; 3.131 ; spi_slave:inst7|txBuffer[13]    ; spi_slave:inst7|txBuffer[14]    ; IN_PIN2      ; IN_PIN2     ; 0.000        ; 0.000      ; 3.170      ;
; 3.131 ; spi_slave:inst7|txBuffer[6]     ; spi_slave:inst7|txBuffer[7]     ; IN_PIN2      ; IN_PIN2     ; 0.000        ; 0.000      ; 3.170      ;
; 3.132 ; spi_slave:inst7|bit_counter[16] ; spi_slave:inst7|bit_counter[17] ; IN_PIN2      ; IN_PIN2     ; 0.000        ; 0.000      ; 3.171      ;
; 3.132 ; spi_slave:inst7|bit_counter[6]  ; spi_slave:inst7|bit_counter[7]  ; IN_PIN2      ; IN_PIN2     ; 0.000        ; 0.000      ; 3.171      ;
; 3.133 ; spi_slave:inst7|txBuffer[11]    ; spi_slave:inst7|txBuffer[12]    ; IN_PIN2      ; IN_PIN2     ; 0.000        ; 0.000      ; 3.172      ;
; 3.133 ; spi_slave:inst7|bit_counter[3]  ; spi_slave:inst7|bit_counter[4]  ; IN_PIN2      ; IN_PIN2     ; 0.000        ; 0.000      ; 3.172      ;
; 3.133 ; spi_slave:inst7|rxBuffer[17]    ; spi_slave:inst7|rxBuffer[18]    ; IN_PIN2      ; IN_PIN2     ; 0.000        ; 0.000      ; 3.172      ;
; 3.134 ; spi_slave:inst7|bit_counter[14] ; spi_slave:inst7|bit_counter[15] ; IN_PIN2      ; IN_PIN2     ; 0.000        ; 0.000      ; 3.173      ;
; 3.134 ; spi_slave:inst7|rxBuffer[9]     ; spi_slave:inst7|rxBuffer[10]    ; IN_PIN2      ; IN_PIN2     ; 0.000        ; 0.000      ; 3.173      ;
; 3.351 ; spi_slave:inst7|miso~en         ; spi_slave:inst7|bit_counter[2]  ; IN_PIN2      ; IN_PIN2     ; 0.000        ; 0.000      ; 3.390      ;
; 3.351 ; spi_slave:inst7|rxBuffer[4]     ; spi_slave:inst7|rxBuffer[5]     ; IN_PIN2      ; IN_PIN2     ; 0.000        ; 0.000      ; 3.390      ;
; 3.352 ; spi_slave:inst7|bit_counter[12] ; spi_slave:inst7|bit_counter[13] ; IN_PIN2      ; IN_PIN2     ; 0.000        ; 0.000      ; 3.391      ;
; 3.352 ; spi_slave:inst7|rxBuffer[7]     ; spi_slave:inst7|rxBuffer[8]     ; IN_PIN2      ; IN_PIN2     ; 0.000        ; 0.000      ; 3.391      ;
; 3.354 ; spi_slave:inst7|txBuffer[3]     ; spi_slave:inst7|txBuffer[4]     ; IN_PIN2      ; IN_PIN2     ; 0.000        ; 0.000      ; 3.393      ;
; 3.366 ; spi_slave:inst7|bit_counter[11] ; spi_slave:inst7|bit_counter[12] ; IN_PIN2      ; IN_PIN2     ; 0.000        ; 0.000      ; 3.405      ;
; 3.367 ; spi_slave:inst7|txBuffer[18]    ; spi_slave:inst7|txBuffer[19]    ; IN_PIN2      ; IN_PIN2     ; 0.000        ; 0.000      ; 3.406      ;
; 3.367 ; spi_slave:inst7|txBuffer[14]    ; spi_slave:inst7|txBuffer[15]    ; IN_PIN2      ; IN_PIN2     ; 0.000        ; 0.000      ; 3.406      ;
; 3.367 ; spi_slave:inst7|bit_counter[13] ; spi_slave:inst7|bit_counter[14] ; IN_PIN2      ; IN_PIN2     ; 0.000        ; 0.000      ; 3.406      ;
; 3.367 ; spi_slave:inst7|txBuffer[1]     ; spi_slave:inst7|txBuffer[2]     ; IN_PIN2      ; IN_PIN2     ; 0.000        ; 0.000      ; 3.406      ;
; 3.368 ; spi_slave:inst7|txBuffer[17]    ; spi_slave:inst7|txBuffer[18]    ; IN_PIN2      ; IN_PIN2     ; 0.000        ; 0.000      ; 3.407      ;
; 3.368 ; spi_slave:inst7|txBuffer[0]     ; spi_slave:inst7|txBuffer[1]     ; IN_PIN2      ; IN_PIN2     ; 0.000        ; 0.000      ; 3.407      ;
; 3.370 ; spi_slave:inst7|txBuffer[12]    ; spi_slave:inst7|txBuffer[13]    ; IN_PIN2      ; IN_PIN2     ; 0.000        ; 0.000      ; 3.409      ;
; 3.376 ; spi_slave:inst7|txBuffer[9]     ; spi_slave:inst7|txBuffer[10]    ; IN_PIN2      ; IN_PIN2     ; 0.000        ; 0.000      ; 3.415      ;
; 3.381 ; spi_slave:inst7|bit_counter[5]  ; spi_slave:inst7|bit_counter[6]  ; IN_PIN2      ; IN_PIN2     ; 0.000        ; 0.000      ; 3.420      ;
; 3.382 ; spi_slave:inst7|bit_counter[4]  ; spi_slave:inst7|bit_counter[5]  ; IN_PIN2      ; IN_PIN2     ; 0.000        ; 0.000      ; 3.421      ;
; 3.384 ; spi_slave:inst7|bit_counter[2]  ; spi_slave:inst7|bit_counter[3]  ; IN_PIN2      ; IN_PIN2     ; 0.000        ; 0.000      ; 3.423      ;
; 4.172 ; spi_slave:inst7|rxBuffer[16]    ; spi_slave:inst7|rxBuffer[17]    ; IN_PIN2      ; IN_PIN2     ; 0.000        ; 0.000      ; 4.211      ;
; 4.173 ; spi_slave:inst7|rxBuffer[15]    ; spi_slave:inst7|rxBuffer[16]    ; IN_PIN2      ; IN_PIN2     ; 0.000        ; 0.000      ; 4.212      ;
; 4.174 ; spi_slave:inst7|rxBuffer[20]    ; spi_slave:inst7|rxBuffer[21]    ; IN_PIN2      ; IN_PIN2     ; 0.000        ; 0.000      ; 4.213      ;
; 4.174 ; spi_slave:inst7|rxBuffer[18]    ; spi_slave:inst7|rxBuffer[19]    ; IN_PIN2      ; IN_PIN2     ; 0.000        ; 0.000      ; 4.213      ;
; 4.183 ; spi_slave:inst7|rxBuffer[14]    ; spi_slave:inst7|rxBuffer[15]    ; IN_PIN2      ; IN_PIN2     ; 0.000        ; 0.000      ; 4.222      ;
; 4.199 ; spi_slave:inst7|rxBuffer[19]    ; spi_slave:inst7|rxBuffer[20]    ; IN_PIN2      ; IN_PIN2     ; 0.000        ; 0.000      ; 4.238      ;
; 4.249 ; spi_slave:inst7|rxBuffer[23]    ; spi_slave:inst7|rx[23]          ; IN_PIN2      ; IN_PIN2     ; 0.000        ; -1.156     ; 3.093      ;
; 4.405 ; spi_slave:inst7|txBuffer[7]     ; spi_slave:inst7|txBuffer[8]     ; IN_PIN2      ; IN_PIN2     ; 0.000        ; 0.000      ; 4.444      ;
; 4.407 ; spi_slave:inst7|bit_counter[19] ; spi_slave:inst7|bit_counter[20] ; IN_PIN2      ; IN_PIN2     ; 0.000        ; 0.000      ; 4.446      ;
; 4.408 ; spi_slave:inst7|bit_counter[10] ; spi_slave:inst7|bit_counter[11] ; IN_PIN2      ; IN_PIN2     ; 0.000        ; 0.000      ; 4.447      ;
; 4.889 ; spi_slave:inst7|rxBuffer[22]    ; spi_slave:inst7|rx[22]          ; IN_PIN2      ; IN_PIN2     ; 0.000        ; -1.158     ; 3.731      ;
; 4.917 ; spi_slave:inst7|rxBuffer[21]    ; spi_slave:inst7|rx[21]          ; IN_PIN2      ; IN_PIN2     ; 0.000        ; -1.164     ; 3.753      ;
; 4.922 ; spi_slave:inst7|rxBuffer[17]    ; spi_slave:inst7|rx[17]          ; IN_PIN2      ; IN_PIN2     ; 0.000        ; -1.166     ; 3.756      ;
; 5.167 ; spi_slave:inst7|rxBuffer[2]     ; spi_slave:inst7|rx[2]           ; IN_PIN2      ; IN_PIN2     ; 0.000        ; -1.441     ; 3.726      ;
; 5.178 ; spi_slave:inst7|rxBuffer[0]     ; spi_slave:inst7|rx[0]           ; IN_PIN2      ; IN_PIN2     ; 0.000        ; -1.448     ; 3.730      ;
; 5.283 ; spi_slave:inst7|rxBuffer[13]    ; spi_slave:inst7|rx[13]          ; IN_PIN2      ; IN_PIN2     ; 0.000        ; -1.532     ; 3.751      ;
; 5.446 ; spi_slave:inst7|txBuffer[2]     ; spi_slave:inst7|txBuffer[3]     ; IN_PIN2      ; IN_PIN2     ; 0.000        ; 0.000      ; 5.485      ;
; 5.898 ; spi_slave:inst7|bit_counter[24] ; spi_slave:inst7|txBuffer[23]    ; IN_PIN2      ; IN_PIN2     ; 0.000        ; 0.000      ; 5.937      ;
; 5.898 ; spi_slave:inst7|bit_counter[24] ; spi_slave:inst7|txBuffer[22]    ; IN_PIN2      ; IN_PIN2     ; 0.000        ; 0.000      ; 5.937      ;
; 5.898 ; spi_slave:inst7|bit_counter[24] ; spi_slave:inst7|txBuffer[21]    ; IN_PIN2      ; IN_PIN2     ; 0.000        ; 0.000      ; 5.937      ;
; 5.898 ; spi_slave:inst7|bit_counter[24] ; spi_slave:inst7|txBuffer[10]    ; IN_PIN2      ; IN_PIN2     ; 0.000        ; 0.000      ; 5.937      ;
; 5.898 ; spi_slave:inst7|bit_counter[24] ; spi_slave:inst7|txBuffer[9]     ; IN_PIN2      ; IN_PIN2     ; 0.000        ; 0.000      ; 5.937      ;
; 5.898 ; spi_slave:inst7|bit_counter[24] ; spi_slave:inst7|txBuffer[8]     ; IN_PIN2      ; IN_PIN2     ; 0.000        ; 0.000      ; 5.937      ;
; 5.951 ; spi_slave:inst7|rxBuffer[16]    ; spi_slave:inst7|rx[16]          ; IN_PIN2      ; IN_PIN2     ; 0.000        ; -1.156     ; 4.795      ;
; 5.954 ; spi_slave:inst7|bit_counter[24] ; spi_slave:inst7|txBuffer[7]     ; IN_PIN2      ; IN_PIN2     ; 0.000        ; 0.000      ; 5.993      ;
; 5.954 ; spi_slave:inst7|bit_counter[24] ; spi_slave:inst7|txBuffer[6]     ; IN_PIN2      ; IN_PIN2     ; 0.000        ; 0.000      ; 5.993      ;
; 5.954 ; spi_slave:inst7|bit_counter[24] ; spi_slave:inst7|txBuffer[5]     ; IN_PIN2      ; IN_PIN2     ; 0.000        ; 0.000      ; 5.993      ;
; 5.954 ; spi_slave:inst7|bit_counter[24] ; spi_slave:inst7|txBuffer[4]     ; IN_PIN2      ; IN_PIN2     ; 0.000        ; 0.000      ; 5.993      ;
; 5.954 ; spi_slave:inst7|bit_counter[24] ; spi_slave:inst7|txBuffer[3]     ; IN_PIN2      ; IN_PIN2     ; 0.000        ; 0.000      ; 5.993      ;
; 5.954 ; spi_slave:inst7|bit_counter[24] ; spi_slave:inst7|txBuffer[2]     ; IN_PIN2      ; IN_PIN2     ; 0.000        ; 0.000      ; 5.993      ;
; 5.954 ; spi_slave:inst7|bit_counter[24] ; spi_slave:inst7|txBuffer[1]     ; IN_PIN2      ; IN_PIN2     ; 0.000        ; 0.000      ; 5.993      ;
; 5.954 ; spi_slave:inst7|bit_counter[24] ; spi_slave:inst7|txBuffer[0]     ; IN_PIN2      ; IN_PIN2     ; 0.000        ; 0.000      ; 5.993      ;
; 5.955 ; spi_slave:inst7|rxBuffer[15]    ; spi_slave:inst7|rx[15]          ; IN_PIN2      ; IN_PIN2     ; 0.000        ; -1.159     ; 4.796      ;
; 5.962 ; spi_slave:inst7|rxBuffer[20]    ; spi_slave:inst7|rx[20]          ; IN_PIN2      ; IN_PIN2     ; 0.000        ; -1.165     ; 4.797      ;
; 5.962 ; spi_slave:inst7|rxBuffer[18]    ; spi_slave:inst7|rx[18]          ; IN_PIN2      ; IN_PIN2     ; 0.000        ; -1.165     ; 4.797      ;
; 5.989 ; spi_slave:inst7|rxBuffer[19]    ; spi_slave:inst7|rx[19]          ; IN_PIN2      ; IN_PIN2     ; 0.000        ; -1.167     ; 4.822      ;
; 6.104 ; spi_slave:inst7|bit_counter[22] ; spi_slave:inst7|bit_counter[23] ; IN_PIN2      ; IN_PIN2     ; 0.000        ; 0.000      ; 6.143      ;
; 6.193 ; spi_slave:inst7|txBuffer[23]    ; spi_slave:inst7|txBuffer[0]     ; IN_PIN2      ; IN_PIN2     ; 0.000        ; 0.000      ; 6.232      ;
; 6.337 ; spi_slave:inst7|rxBuffer[14]    ; spi_slave:inst7|rx[14]          ; IN_PIN2      ; IN_PIN2     ; 0.000        ; -1.531     ; 4.806      ;
; 6.497 ; spi_slave:inst7|txBuffer[10]    ; spi_slave:inst7|txBuffer[11]    ; IN_PIN2      ; IN_PIN2     ; 0.000        ; 0.000      ; 6.536      ;
; 6.508 ; spi_slave:inst7|rxBuffer[1]     ; spi_slave:inst7|rxBuffer[2]     ; IN_PIN2      ; IN_PIN2     ; 0.000        ; 0.000      ; 6.547      ;
; 6.565 ; spi_slave:inst7|rxBuffer[10]    ; spi_slave:inst7|rxBuffer[11]    ; IN_PIN2      ; IN_PIN2     ; 0.000        ; 0.000      ; 6.604      ;
; 6.588 ; spi_slave:inst7|txBuffer[20]    ; spi_slave:inst7|txBuffer[21]    ; IN_PIN2      ; IN_PIN2     ; 0.000        ; 0.000      ; 6.627      ;
; 8.266 ; spi_slave:inst7|bit_counter[24] ; spi_slave:inst7|txBuffer[20]    ; IN_PIN2      ; IN_PIN2     ; 0.000        ; 0.000      ; 8.305      ;
; 8.266 ; spi_slave:inst7|bit_counter[24] ; spi_slave:inst7|txBuffer[19]    ; IN_PIN2      ; IN_PIN2     ; 0.000        ; 0.000      ; 8.305      ;
; 8.266 ; spi_slave:inst7|bit_counter[24] ; spi_slave:inst7|txBuffer[18]    ; IN_PIN2      ; IN_PIN2     ; 0.000        ; 0.000      ; 8.305      ;
; 8.266 ; spi_slave:inst7|bit_counter[24] ; spi_slave:inst7|txBuffer[17]    ; IN_PIN2      ; IN_PIN2     ; 0.000        ; 0.000      ; 8.305      ;
; 8.266 ; spi_slave:inst7|bit_counter[24] ; spi_slave:inst7|txBuffer[16]    ; IN_PIN2      ; IN_PIN2     ; 0.000        ; 0.000      ; 8.305      ;
+-------+---------------------------------+---------------------------------+--------------+-------------+--------------+------------+------------+


+------------------------------------------------------------------------------------------------------------------------------------------------------------------+
; Hold: 'CLKIN_xN'                                                                                                                                                 ;
+--------+-----------------------------------------+-----------------------------------------+--------------+-------------+--------------+------------+------------+
; Slack  ; From Node                               ; To Node                                 ; Launch Clock ; Latch Clock ; Relationship ; Clock Skew ; Data Delay ;
+--------+-----------------------------------------+-----------------------------------------+--------------+-------------+--------------+------------+------------+
; 3.351  ; F1_ReadADCFullSpeed:inst1|CNVclk_cnt[5] ; F1_ReadADCFullSpeed:inst1|CNVclk_cnt[5] ; CLKIN_xN     ; CLKIN_xN    ; 0.000        ; 0.000      ; 3.390      ;
; 3.391  ; F0_CE_CLOCKS:inst12|MCLKCNT[5]          ; F0_CE_CLOCKS:inst12|MCLKCNT[5]          ; CLKIN_xN     ; CLKIN_xN    ; 0.000        ; 0.000      ; 3.430      ;
; 3.402  ; F0_CE_CLOCKS:inst12|MCLKCNT[0]          ; F0_CE_CLOCKS:inst12|MCLKCNT[0]          ; CLKIN_xN     ; CLKIN_xN    ; 0.000        ; 0.000      ; 3.441      ;
; 4.221  ; F15_Par2I2S_2S4P:inst16|LRCKd1          ; F1_ReadADCFullSpeed:inst1|CLKFSd2       ; CLKIN_xN     ; CLKIN_xN    ; 0.000        ; 0.000      ; 4.260      ;
; 4.410  ; F1_ReadADCFullSpeed:inst1|CNVclk_cnt[3] ; F1_ReadADCFullSpeed:inst1|CNVen_SCK     ; CLKIN_xN     ; CLKIN_xN    ; 0.000        ; 0.000      ; 4.449      ;
; 4.636  ; F1_ReadADCFullSpeed:inst1|CNVen_SCK     ; F1_ReadADCFullSpeed:inst1|T_CNVen_SCK   ; CLKIN_xN     ; CLKIN_xN    ; -0.500       ; 0.000      ; 4.175      ;
; 5.217  ; F1_ReadADCFullSpeed:inst1|CNVclk_cnt[3] ; F1_ReadADCFullSpeed:inst1|CNVclk_cnt[3] ; CLKIN_xN     ; CLKIN_xN    ; 0.000        ; 0.000      ; 5.256      ;
; 5.217  ; F0_CE_CLOCKS:inst12|MCLKCNT[3]          ; F0_CE_CLOCKS:inst12|MCLKCNT[3]          ; CLKIN_xN     ; CLKIN_xN    ; 0.000        ; 0.000      ; 5.256      ;
; 5.280  ; F0_CE_CLOCKS:inst12|MCLKCNT[0]          ; F0_CE_CLOCKS:inst12|MCLKCNT[1]          ; CLKIN_xN     ; CLKIN_xN    ; 0.000        ; 0.000      ; 5.319      ;
; 5.416  ; F1_ReadADCFullSpeed:inst1|CNVclk_cnt[0] ; F1_ReadADCFullSpeed:inst1|CNVclk_cnt[0] ; CLKIN_xN     ; CLKIN_xN    ; 0.000        ; 0.000      ; 5.455      ;
; 5.431  ; F1_ReadADCFullSpeed:inst1|CNVclk_cnt[4] ; F1_ReadADCFullSpeed:inst1|CNVclk_cnt[4] ; CLKIN_xN     ; CLKIN_xN    ; 0.000        ; 0.000      ; 5.470      ;
; 5.440  ; F1_ReadADCFullSpeed:inst1|CNVclk_cnt[1] ; F1_ReadADCFullSpeed:inst1|CNVclk_cnt[1] ; CLKIN_xN     ; CLKIN_xN    ; 0.000        ; 0.000      ; 5.479      ;
; 5.441  ; F0_CE_CLOCKS:inst12|MCLKCNT[2]          ; F0_CE_CLOCKS:inst12|MCLKCNT[2]          ; CLKIN_xN     ; CLKIN_xN    ; 0.000        ; 0.000      ; 5.480      ;
; 5.441  ; F0_CE_CLOCKS:inst12|MCLKCNT[1]          ; F0_CE_CLOCKS:inst12|MCLKCNT[1]          ; CLKIN_xN     ; CLKIN_xN    ; 0.000        ; 0.000      ; 5.480      ;
; 5.445  ; F0_CE_CLOCKS:inst12|MCLKCNT[4]          ; F0_CE_CLOCKS:inst12|MCLKCNT[4]          ; CLKIN_xN     ; CLKIN_xN    ; 0.000        ; 0.000      ; 5.484      ;
; 5.453  ; F1_ReadADCFullSpeed:inst1|CNVclk_cnt[2] ; F1_ReadADCFullSpeed:inst1|CNVclk_cnt[2] ; CLKIN_xN     ; CLKIN_xN    ; 0.000        ; 0.000      ; 5.492      ;
; 5.952  ; F0_CE_CLOCKS:inst12|MCLKCNT[3]          ; F0_CE_CLOCKS:inst12|MCLKCNT[4]          ; CLKIN_xN     ; CLKIN_xN    ; 0.000        ; 0.000      ; 5.991      ;
; 5.952  ; F1_ReadADCFullSpeed:inst1|CNVclk_cnt[3] ; F1_ReadADCFullSpeed:inst1|CNVclk_cnt[4] ; CLKIN_xN     ; CLKIN_xN    ; 0.000        ; 0.000      ; 5.991      ;
; 6.015  ; F0_CE_CLOCKS:inst12|MCLKCNT[0]          ; F0_CE_CLOCKS:inst12|MCLKCNT[2]          ; CLKIN_xN     ; CLKIN_xN    ; 0.000        ; 0.000      ; 6.054      ;
; 6.045  ; F0_CE_CLOCKS:inst12|MCLKCNT[2]          ; F0_CE_CLOCKS:inst12|MCLKDV8             ; CLKIN_xN     ; CLKIN_xN    ; 0.000        ; 0.000      ; 6.084      ;
; 6.096  ; F0_CE_CLOCKS:inst12|MCLKCNT[3]          ; F0_CE_CLOCKS:inst12|MCLKCNT[5]          ; CLKIN_xN     ; CLKIN_xN    ; 0.000        ; 0.000      ; 6.135      ;
; 6.096  ; F1_ReadADCFullSpeed:inst1|CNVclk_cnt[3] ; F1_ReadADCFullSpeed:inst1|CNVclk_cnt[5] ; CLKIN_xN     ; CLKIN_xN    ; 0.000        ; 0.000      ; 6.135      ;
; 6.159  ; F0_CE_CLOCKS:inst12|MCLKCNT[0]          ; F0_CE_CLOCKS:inst12|MCLKCNT[3]          ; CLKIN_xN     ; CLKIN_xN    ; 0.000        ; 0.000      ; 6.198      ;
; 6.303  ; F0_CE_CLOCKS:inst12|MCLKCNT[0]          ; F0_CE_CLOCKS:inst12|MCLKCNT[4]          ; CLKIN_xN     ; CLKIN_xN    ; 0.000        ; 0.000      ; 6.342      ;
; 6.343  ; F1_ReadADCFullSpeed:inst1|CNVclk_cnt[0] ; F1_ReadADCFullSpeed:inst1|CNVclk_cnt[1] ; CLKIN_xN     ; CLKIN_xN    ; 0.000        ; 0.000      ; 6.382      ;
; 6.432  ; F1_ReadADCFullSpeed:inst1|CNVclk_cnt[5] ; F1_ReadADCFullSpeed:inst1|CNVen_SCK     ; CLKIN_xN     ; CLKIN_xN    ; 0.000        ; 0.000      ; 6.471      ;
; 6.433  ; F1_ReadADCFullSpeed:inst1|CNVclk_cnt[4] ; F1_ReadADCFullSpeed:inst1|CNVclk_cnt[5] ; CLKIN_xN     ; CLKIN_xN    ; 0.000        ; 0.000      ; 6.472      ;
; 6.442  ; F1_ReadADCFullSpeed:inst1|CNVclk_cnt[1] ; F1_ReadADCFullSpeed:inst1|CNVclk_cnt[2] ; CLKIN_xN     ; CLKIN_xN    ; 0.000        ; 0.000      ; 6.481      ;
; 6.443  ; F0_CE_CLOCKS:inst12|MCLKCNT[1]          ; F0_CE_CLOCKS:inst12|MCLKCNT[2]          ; CLKIN_xN     ; CLKIN_xN    ; 0.000        ; 0.000      ; 6.482      ;
; 6.443  ; F0_CE_CLOCKS:inst12|MCLKCNT[2]          ; F0_CE_CLOCKS:inst12|MCLKCNT[3]          ; CLKIN_xN     ; CLKIN_xN    ; 0.000        ; 0.000      ; 6.482      ;
; 6.447  ; F0_CE_CLOCKS:inst12|MCLKCNT[4]          ; F0_CE_CLOCKS:inst12|MCLKCNT[5]          ; CLKIN_xN     ; CLKIN_xN    ; 0.000        ; 0.000      ; 6.486      ;
; 6.447  ; F0_CE_CLOCKS:inst12|MCLKCNT[0]          ; F0_CE_CLOCKS:inst12|MCLKCNT[5]          ; CLKIN_xN     ; CLKIN_xN    ; 0.000        ; 0.000      ; 6.486      ;
; 6.455  ; F1_ReadADCFullSpeed:inst1|CNVclk_cnt[2] ; F1_ReadADCFullSpeed:inst1|CNVclk_cnt[3] ; CLKIN_xN     ; CLKIN_xN    ; 0.000        ; 0.000      ; 6.494      ;
; 6.586  ; F1_ReadADCFullSpeed:inst1|CNVclk_cnt[1] ; F1_ReadADCFullSpeed:inst1|CNVclk_cnt[3] ; CLKIN_xN     ; CLKIN_xN    ; 0.000        ; 0.000      ; 6.625      ;
; 6.587  ; F0_CE_CLOCKS:inst12|MCLKCNT[1]          ; F0_CE_CLOCKS:inst12|MCLKCNT[3]          ; CLKIN_xN     ; CLKIN_xN    ; 0.000        ; 0.000      ; 6.626      ;
; 6.587  ; F0_CE_CLOCKS:inst12|MCLKCNT[2]          ; F0_CE_CLOCKS:inst12|MCLKCNT[4]          ; CLKIN_xN     ; CLKIN_xN    ; 0.000        ; 0.000      ; 6.626      ;
; 6.599  ; F1_ReadADCFullSpeed:inst1|CNVclk_cnt[2] ; F1_ReadADCFullSpeed:inst1|CNVclk_cnt[4] ; CLKIN_xN     ; CLKIN_xN    ; 0.000        ; 0.000      ; 6.638      ;
; 6.730  ; F1_ReadADCFullSpeed:inst1|CNVclk_cnt[1] ; F1_ReadADCFullSpeed:inst1|CNVclk_cnt[4] ; CLKIN_xN     ; CLKIN_xN    ; 0.000        ; 0.000      ; 6.769      ;
; 6.731  ; F0_CE_CLOCKS:inst12|MCLKCNT[1]          ; F0_CE_CLOCKS:inst12|MCLKCNT[4]          ; CLKIN_xN     ; CLKIN_xN    ; 0.000        ; 0.000      ; 6.770      ;
; 6.731  ; F0_CE_CLOCKS:inst12|MCLKCNT[2]          ; F0_CE_CLOCKS:inst12|MCLKCNT[5]          ; CLKIN_xN     ; CLKIN_xN    ; 0.000        ; 0.000      ; 6.770      ;
; 6.743  ; F1_ReadADCFullSpeed:inst1|CNVclk_cnt[2] ; F1_ReadADCFullSpeed:inst1|CNVclk_cnt[5] ; CLKIN_xN     ; CLKIN_xN    ; 0.000        ; 0.000      ; 6.782      ;
; 6.874  ; F1_ReadADCFullSpeed:inst1|CNVclk_cnt[1] ; F1_ReadADCFullSpeed:inst1|CNVclk_cnt[5] ; CLKIN_xN     ; CLKIN_xN    ; 0.000        ; 0.000      ; 6.913      ;
; 6.875  ; F0_CE_CLOCKS:inst12|MCLKCNT[1]          ; F0_CE_CLOCKS:inst12|MCLKCNT[5]          ; CLKIN_xN     ; CLKIN_xN    ; 0.000        ; 0.000      ; 6.914      ;
; 7.078  ; F1_ReadADCFullSpeed:inst1|CNVclk_cnt[0] ; F1_ReadADCFullSpeed:inst1|CNVclk_cnt[2] ; CLKIN_xN     ; CLKIN_xN    ; 0.000        ; 0.000      ; 7.117      ;
; 7.222  ; F1_ReadADCFullSpeed:inst1|CNVclk_cnt[0] ; F1_ReadADCFullSpeed:inst1|CNVclk_cnt[3] ; CLKIN_xN     ; CLKIN_xN    ; 0.000        ; 0.000      ; 7.261      ;
; 7.366  ; F1_ReadADCFullSpeed:inst1|CNVclk_cnt[0] ; F1_ReadADCFullSpeed:inst1|CNVclk_cnt[4] ; CLKIN_xN     ; CLKIN_xN    ; 0.000        ; 0.000      ; 7.405      ;
; 7.510  ; F1_ReadADCFullSpeed:inst1|CNVclk_cnt[0] ; F1_ReadADCFullSpeed:inst1|CNVclk_cnt[5] ; CLKIN_xN     ; CLKIN_xN    ; 0.000        ; 0.000      ; 7.549      ;
; 8.605  ; F1_ReadADCFullSpeed:inst1|CNVclk_cnt[4] ; F1_ReadADCFullSpeed:inst1|CNVen_SCK     ; CLKIN_xN     ; CLKIN_xN    ; 0.000        ; 0.000      ; 8.644      ;
; 8.693  ; MASTER_LRCK                             ; F15_Par2I2S_2S4P:inst16|LRCKd1          ; MASTER_LRCK  ; CLKIN_xN    ; 0.000        ; 4.723      ; 13.455     ;
; 9.193  ; MASTER_LRCK                             ; F15_Par2I2S_2S4P:inst16|LRCKd1          ; MASTER_LRCK  ; CLKIN_xN    ; -0.500       ; 4.723      ; 13.455     ;
; 9.804  ; F0_CE_CLOCKS:inst12|MCLKCNT[5]          ; F0_CE_CLOCKS:inst12|MCLKDV64            ; CLKIN_xN     ; CLKIN_xN    ; 0.000        ; 0.000      ; 9.843      ;
; 10.006 ; F1_ReadADCFullSpeed:inst1|CNVclk_cnt[5] ; F1_ReadADCFullSpeed:inst1|CNVclk_cnt[3] ; CLKIN_xN     ; CLKIN_xN    ; 0.000        ; 0.000      ; 10.045     ;
; 10.006 ; F1_ReadADCFullSpeed:inst1|CNVclk_cnt[5] ; F1_ReadADCFullSpeed:inst1|CNVclk_cnt[4] ; CLKIN_xN     ; CLKIN_xN    ; 0.000        ; 0.000      ; 10.045     ;
; 10.006 ; F1_ReadADCFullSpeed:inst1|CNVclk_cnt[5] ; F1_ReadADCFullSpeed:inst1|CNVclk_cnt[1] ; CLKIN_xN     ; CLKIN_xN    ; 0.000        ; 0.000      ; 10.045     ;
; 10.006 ; F1_ReadADCFullSpeed:inst1|CNVclk_cnt[5] ; F1_ReadADCFullSpeed:inst1|CNVclk_cnt[2] ; CLKIN_xN     ; CLKIN_xN    ; 0.000        ; 0.000      ; 10.045     ;
; 10.270 ; F1_ReadADCFullSpeed:inst1|CNVclk_cnt[5] ; F1_ReadADCFullSpeed:inst1|CNVclk_cnt[0] ; CLKIN_xN     ; CLKIN_xN    ; 0.000        ; 0.000      ; 10.309     ;
; 10.874 ; F1_ReadADCFullSpeed:inst1|CNVclk_cnt[4] ; F1_ReadADCFullSpeed:inst1|CNVclk_cnt[3] ; CLKIN_xN     ; CLKIN_xN    ; 0.000        ; 0.000      ; 10.913     ;
; 10.874 ; F1_ReadADCFullSpeed:inst1|CNVclk_cnt[4] ; F1_ReadADCFullSpeed:inst1|CNVclk_cnt[1] ; CLKIN_xN     ; CLKIN_xN    ; 0.000        ; 0.000      ; 10.913     ;
; 10.874 ; F1_ReadADCFullSpeed:inst1|CNVclk_cnt[4] ; F1_ReadADCFullSpeed:inst1|CNVclk_cnt[2] ; CLKIN_xN     ; CLKIN_xN    ; 0.000        ; 0.000      ; 10.913     ;
; 11.009 ; F1_ReadADCFullSpeed:inst1|CNVclk_cnt[3] ; F1_ReadADCFullSpeed:inst1|CNVclk_cnt[1] ; CLKIN_xN     ; CLKIN_xN    ; 0.000        ; 0.000      ; 11.048     ;
; 11.009 ; F1_ReadADCFullSpeed:inst1|CNVclk_cnt[3] ; F1_ReadADCFullSpeed:inst1|CNVclk_cnt[2] ; CLKIN_xN     ; CLKIN_xN    ; 0.000        ; 0.000      ; 11.048     ;
; 11.138 ; F1_ReadADCFullSpeed:inst1|CNVclk_cnt[4] ; F1_ReadADCFullSpeed:inst1|CNVclk_cnt[0] ; CLKIN_xN     ; CLKIN_xN    ; 0.000        ; 0.000      ; 11.177     ;
; 11.260 ; F1_ReadADCFullSpeed:inst1|CNVclk_cnt[2] ; F1_ReadADCFullSpeed:inst1|CNVen_SCK     ; CLKIN_xN     ; CLKIN_xN    ; 0.000        ; 0.000      ; 11.299     ;
; 11.273 ; F1_ReadADCFullSpeed:inst1|CNVclk_cnt[3] ; F1_ReadADCFullSpeed:inst1|CNVclk_cnt[0] ; CLKIN_xN     ; CLKIN_xN    ; 0.000        ; 0.000      ; 11.312     ;
; 12.133 ; F1_ReadADCFullSpeed:inst1|CNVclk_cnt[0] ; F1_ReadADCFullSpeed:inst1|CNVen_SCK     ; CLKIN_xN     ; CLKIN_xN    ; 0.000        ; 0.000      ; 12.172     ;
; 12.430 ; F1_ReadADCFullSpeed:inst1|CNVclk_cnt[1] ; F1_ReadADCFullSpeed:inst1|CNVen_SCK     ; CLKIN_xN     ; CLKIN_xN    ; 0.000        ; 0.000      ; 12.469     ;
; 13.535 ; F1_ReadADCFullSpeed:inst1|CNVclk_cnt[2] ; F1_ReadADCFullSpeed:inst1|CNVclk_cnt[1] ; CLKIN_xN     ; CLKIN_xN    ; 0.000        ; 0.000      ; 13.574     ;
; 13.799 ; F1_ReadADCFullSpeed:inst1|CNVclk_cnt[2] ; F1_ReadADCFullSpeed:inst1|CNVclk_cnt[0] ; CLKIN_xN     ; CLKIN_xN    ; 0.000        ; 0.000      ; 13.838     ;
; 14.969 ; F1_ReadADCFullSpeed:inst1|CNVclk_cnt[1] ; F1_ReadADCFullSpeed:inst1|CNVclk_cnt[0] ; CLKIN_xN     ; CLKIN_xN    ; 0.000        ; 0.000      ; 15.008     ;
+--------+-----------------------------------------+-----------------------------------------+--------------+-------------+--------------+------------+------------+


+------------------------------------------------------------------------------------------------------------------------------------------------------------------------------------------+
; Hold: 'LUT_counter128P:inst11|LUTclk'                                                                                                                                                    ;
+-------+------------------------------------+------------------------------------+-------------------------------+-------------------------------+--------------+------------+------------+
; Slack ; From Node                          ; To Node                            ; Launch Clock                  ; Latch Clock                   ; Relationship ; Clock Skew ; Data Delay ;
+-------+------------------------------------+------------------------------------+-------------------------------+-------------------------------+--------------+------------+------------+
; 3.386 ; LUT_counter128P:inst11|LUT_Addr[0] ; LUT_counter128P:inst11|LUT_Addr[0] ; LUT_counter128P:inst11|LUTclk ; LUT_counter128P:inst11|LUTclk ; 0.000        ; 0.000      ; 3.425      ;
; 4.401 ; LUT_counter128P:inst11|LUT_Addr[6] ; LUT_counter128P:inst11|LUT_Addr[6] ; LUT_counter128P:inst11|LUTclk ; LUT_counter128P:inst11|LUTclk ; 0.000        ; 0.000      ; 4.440      ;
; 5.228 ; LUT_counter128P:inst11|LUT_Addr[1] ; LUT_counter128P:inst11|LUT_Addr[1] ; LUT_counter128P:inst11|LUTclk ; LUT_counter128P:inst11|LUTclk ; 0.000        ; 0.000      ; 5.267      ;
; 5.229 ; LUT_counter128P:inst11|LUT_Addr[2] ; LUT_counter128P:inst11|LUT_Addr[2] ; LUT_counter128P:inst11|LUTclk ; LUT_counter128P:inst11|LUTclk ; 0.000        ; 0.000      ; 5.268      ;
; 5.428 ; LUT_counter128P:inst11|LUT_Addr[5] ; LUT_counter128P:inst11|LUT_Addr[5] ; LUT_counter128P:inst11|LUTclk ; LUT_counter128P:inst11|LUTclk ; 0.000        ; 0.000      ; 5.467      ;
; 5.429 ; LUT_counter128P:inst11|LUT_Addr[4] ; LUT_counter128P:inst11|LUT_Addr[4] ; LUT_counter128P:inst11|LUTclk ; LUT_counter128P:inst11|LUTclk ; 0.000        ; 0.000      ; 5.468      ;
; 5.443 ; LUT_counter128P:inst11|LUT_Addr[3] ; LUT_counter128P:inst11|LUT_Addr[3] ; LUT_counter128P:inst11|LUTclk ; LUT_counter128P:inst11|LUTclk ; 0.000        ; 0.000      ; 5.482      ;
; 5.465 ; LUT_counter128P:inst11|LUT_Addr[0] ; LUT_counter128P:inst11|LUT_Addr[1] ; LUT_counter128P:inst11|LUTclk ; LUT_counter128P:inst11|LUTclk ; 0.000        ; 0.000      ; 5.504      ;
; 5.963 ; LUT_counter128P:inst11|LUT_Addr[1] ; LUT_counter128P:inst11|LUT_Addr[2] ; LUT_counter128P:inst11|LUTclk ; LUT_counter128P:inst11|LUTclk ; 0.000        ; 0.000      ; 6.002      ;
; 5.964 ; LUT_counter128P:inst11|LUT_Addr[2] ; LUT_counter128P:inst11|LUT_Addr[3] ; LUT_counter128P:inst11|LUTclk ; LUT_counter128P:inst11|LUTclk ; 0.000        ; 0.000      ; 6.003      ;
; 6.107 ; LUT_counter128P:inst11|LUT_Addr[1] ; LUT_counter128P:inst11|LUT_Addr[3] ; LUT_counter128P:inst11|LUTclk ; LUT_counter128P:inst11|LUTclk ; 0.000        ; 0.000      ; 6.146      ;
; 6.108 ; LUT_counter128P:inst11|LUT_Addr[2] ; LUT_counter128P:inst11|LUT_Addr[4] ; LUT_counter128P:inst11|LUTclk ; LUT_counter128P:inst11|LUTclk ; 0.000        ; 0.000      ; 6.147      ;
; 6.251 ; LUT_counter128P:inst11|LUT_Addr[1] ; LUT_counter128P:inst11|LUT_Addr[4] ; LUT_counter128P:inst11|LUTclk ; LUT_counter128P:inst11|LUTclk ; 0.000        ; 0.000      ; 6.290      ;
; 6.430 ; LUT_counter128P:inst11|LUT_Addr[5] ; LUT_counter128P:inst11|LUT_Addr[6] ; LUT_counter128P:inst11|LUTclk ; LUT_counter128P:inst11|LUTclk ; 0.000        ; 0.000      ; 6.469      ;
; 6.445 ; LUT_counter128P:inst11|LUT_Addr[3] ; LUT_counter128P:inst11|LUT_Addr[4] ; LUT_counter128P:inst11|LUTclk ; LUT_counter128P:inst11|LUTclk ; 0.000        ; 0.000      ; 6.484      ;
; 6.467 ; LUT_counter128P:inst11|LUT_Addr[0] ; LUT_counter128P:inst11|LUT_Addr[2] ; LUT_counter128P:inst11|LUTclk ; LUT_counter128P:inst11|LUTclk ; 0.000        ; 0.000      ; 6.506      ;
; 6.611 ; LUT_counter128P:inst11|LUT_Addr[0] ; LUT_counter128P:inst11|LUT_Addr[3] ; LUT_counter128P:inst11|LUTclk ; LUT_counter128P:inst11|LUTclk ; 0.000        ; 0.000      ; 6.650      ;
; 6.744 ; LUT_counter128P:inst11|LUT_Addr[2] ; LUT_counter128P:inst11|LUT_Addr[6] ; LUT_counter128P:inst11|LUTclk ; LUT_counter128P:inst11|LUTclk ; 0.000        ; 0.000      ; 6.783      ;
; 6.744 ; LUT_counter128P:inst11|LUT_Addr[2] ; LUT_counter128P:inst11|LUT_Addr[5] ; LUT_counter128P:inst11|LUTclk ; LUT_counter128P:inst11|LUTclk ; 0.000        ; 0.000      ; 6.783      ;
; 6.755 ; LUT_counter128P:inst11|LUT_Addr[0] ; LUT_counter128P:inst11|LUT_Addr[4] ; LUT_counter128P:inst11|LUTclk ; LUT_counter128P:inst11|LUTclk ; 0.000        ; 0.000      ; 6.794      ;
; 6.887 ; LUT_counter128P:inst11|LUT_Addr[1] ; LUT_counter128P:inst11|LUT_Addr[6] ; LUT_counter128P:inst11|LUTclk ; LUT_counter128P:inst11|LUTclk ; 0.000        ; 0.000      ; 6.926      ;
; 6.887 ; LUT_counter128P:inst11|LUT_Addr[1] ; LUT_counter128P:inst11|LUT_Addr[5] ; LUT_counter128P:inst11|LUTclk ; LUT_counter128P:inst11|LUTclk ; 0.000        ; 0.000      ; 6.926      ;
; 6.986 ; LUT_counter128P:inst11|LUT_Addr[4] ; LUT_counter128P:inst11|LUT_Addr[6] ; LUT_counter128P:inst11|LUTclk ; LUT_counter128P:inst11|LUTclk ; 0.000        ; 0.000      ; 7.025      ;
; 6.986 ; LUT_counter128P:inst11|LUT_Addr[4] ; LUT_counter128P:inst11|LUT_Addr[5] ; LUT_counter128P:inst11|LUTclk ; LUT_counter128P:inst11|LUTclk ; 0.000        ; 0.000      ; 7.025      ;
; 7.081 ; LUT_counter128P:inst11|LUT_Addr[3] ; LUT_counter128P:inst11|LUT_Addr[6] ; LUT_counter128P:inst11|LUTclk ; LUT_counter128P:inst11|LUTclk ; 0.000        ; 0.000      ; 7.120      ;
; 7.081 ; LUT_counter128P:inst11|LUT_Addr[3] ; LUT_counter128P:inst11|LUT_Addr[5] ; LUT_counter128P:inst11|LUTclk ; LUT_counter128P:inst11|LUTclk ; 0.000        ; 0.000      ; 7.120      ;
; 7.391 ; LUT_counter128P:inst11|LUT_Addr[0] ; LUT_counter128P:inst11|LUT_Addr[6] ; LUT_counter128P:inst11|LUTclk ; LUT_counter128P:inst11|LUTclk ; 0.000        ; 0.000      ; 7.430      ;
; 7.391 ; LUT_counter128P:inst11|LUT_Addr[0] ; LUT_counter128P:inst11|LUT_Addr[5] ; LUT_counter128P:inst11|LUTclk ; LUT_counter128P:inst11|LUTclk ; 0.000        ; 0.000      ; 7.430      ;
+-------+------------------------------------+------------------------------------+-------------------------------+-------------------------------+--------------+------------+------------+


+---------------------------------------------------------------------------------------------------------------------------------------------------+
; Hold: 'MASTER_LRCK'                                                                                                                               ;
+-------+----------------------------------+----------------------------------+--------------+-------------+--------------+------------+------------+
; Slack ; From Node                        ; To Node                          ; Launch Clock ; Latch Clock ; Relationship ; Clock Skew ; Data Delay ;
+-------+----------------------------------+----------------------------------+--------------+-------------+--------------+------------+------------+
; 3.777 ; LUT_counter128P:inst11|CNTdiv[0] ; LUT_counter128P:inst11|CNTdiv[0] ; MASTER_LRCK  ; MASTER_LRCK ; 0.000        ; 0.000      ; 3.816      ;
; 4.373 ; LUT_counter128P:inst11|CNTdiv[3] ; LUT_counter128P:inst11|CNTdiv[3] ; MASTER_LRCK  ; MASTER_LRCK ; 0.000        ; 0.000      ; 4.412      ;
; 5.256 ; LUT_counter128P:inst11|CNTdiv[1] ; LUT_counter128P:inst11|CNTdiv[1] ; MASTER_LRCK  ; MASTER_LRCK ; 0.000        ; 0.000      ; 5.295      ;
; 5.450 ; LUT_counter128P:inst11|CNTdiv[2] ; LUT_counter128P:inst11|CNTdiv[2] ; MASTER_LRCK  ; MASTER_LRCK ; 0.000        ; 0.000      ; 5.489      ;
; 5.460 ; LUT_counter128P:inst11|CNTdiv[0] ; LUT_counter128P:inst11|CNTdiv[1] ; MASTER_LRCK  ; MASTER_LRCK ; 0.000        ; 0.000      ; 5.499      ;
; 5.991 ; LUT_counter128P:inst11|CNTdiv[1] ; LUT_counter128P:inst11|CNTdiv[2] ; MASTER_LRCK  ; MASTER_LRCK ; 0.000        ; 0.000      ; 6.030      ;
; 6.135 ; LUT_counter128P:inst11|CNTdiv[1] ; LUT_counter128P:inst11|CNTdiv[3] ; MASTER_LRCK  ; MASTER_LRCK ; 0.000        ; 0.000      ; 6.174      ;
; 6.452 ; LUT_counter128P:inst11|CNTdiv[2] ; LUT_counter128P:inst11|CNTdiv[3] ; MASTER_LRCK  ; MASTER_LRCK ; 0.000        ; 0.000      ; 6.491      ;
; 6.462 ; LUT_counter128P:inst11|CNTdiv[0] ; LUT_counter128P:inst11|CNTdiv[2] ; MASTER_LRCK  ; MASTER_LRCK ; 0.000        ; 0.000      ; 6.501      ;
; 6.606 ; LUT_counter128P:inst11|CNTdiv[0] ; LUT_counter128P:inst11|CNTdiv[3] ; MASTER_LRCK  ; MASTER_LRCK ; 0.000        ; 0.000      ; 6.645      ;
+-------+----------------------------------+----------------------------------+--------------+-------------+--------------+------------+------------+


+--------------------------------------------------------------------------------------------------------------------------------------------------------------------+
; Hold: 'spi_slave:inst7|rx[0]'                                                                                                                                      ;
+--------+----------------------------------+-------------------------------+-----------------------+-----------------------+--------------+------------+------------+
; Slack  ; From Node                        ; To Node                       ; Launch Clock          ; Latch Clock           ; Relationship ; Clock Skew ; Data Delay ;
+--------+----------------------------------+-------------------------------+-----------------------+-----------------------+--------------+------------+------------+
; 4.183  ; spi_slave:inst7|rx[0]            ; LUT_counter128P:inst11|LUTclk ; spi_slave:inst7|rx[0] ; spi_slave:inst7|rx[0] ; 0.000        ; 11.077     ; 15.260     ;
; 4.683  ; spi_slave:inst7|rx[0]            ; LUT_counter128P:inst11|LUTclk ; spi_slave:inst7|rx[0] ; spi_slave:inst7|rx[0] ; -0.500       ; 11.077     ; 15.260     ;
; 7.706  ; MASTER_LRCK                      ; LUT_counter128P:inst11|LUTclk ; MASTER_LRCK           ; spi_slave:inst7|rx[0] ; 0.000        ; 11.077     ; 18.783     ;
; 8.206  ; MASTER_LRCK                      ; LUT_counter128P:inst11|LUTclk ; MASTER_LRCK           ; spi_slave:inst7|rx[0] ; -0.500       ; 11.077     ; 18.783     ;
; 8.519  ; LUT_counter128P:inst11|CNTdiv[3] ; LUT_counter128P:inst11|LUTclk ; MASTER_LRCK           ; spi_slave:inst7|rx[0] ; -0.500       ; 2.358      ; 10.377     ;
; 8.543  ; LUT_counter128P:inst11|CNTdiv[0] ; LUT_counter128P:inst11|LUTclk ; MASTER_LRCK           ; spi_slave:inst7|rx[0] ; -0.500       ; 2.358      ; 10.401     ;
; 9.429  ; LUT_counter128P:inst11|CNTdiv[2] ; LUT_counter128P:inst11|LUTclk ; MASTER_LRCK           ; spi_slave:inst7|rx[0] ; -0.500       ; 2.358      ; 11.287     ;
; 10.928 ; LUT_counter128P:inst11|CNTdiv[1] ; LUT_counter128P:inst11|LUTclk ; MASTER_LRCK           ; spi_slave:inst7|rx[0] ; -0.500       ; 2.358      ; 12.786     ;
; 18.574 ; spi_slave:inst7|rx[1]            ; LUT_counter128P:inst11|LUTclk ; IN_PIN2               ; spi_slave:inst7|rx[0] ; 0.000        ; -6.708     ; 11.866     ;
; 18.674 ; spi_slave:inst7|rx[2]            ; LUT_counter128P:inst11|LUTclk ; IN_PIN2               ; spi_slave:inst7|rx[0] ; 0.000        ; -6.707     ; 11.967     ;
+--------+----------------------------------+-------------------------------+-----------------------+-----------------------+--------------+------------+------------+


+-------------------------------------------------------------------------------------------------------------------------------------------------------------------------+
; Hold: 'F7_ReadyIII:inst8|CLK_1kHz'                                                                                                                                      ;
+--------+------------------------------+------------------------------+----------------------------+----------------------------+--------------+------------+------------+
; Slack  ; From Node                    ; To Node                      ; Launch Clock               ; Latch Clock                ; Relationship ; Clock Skew ; Data Delay ;
+--------+------------------------------+------------------------------+----------------------------+----------------------------+--------------+------------+------------+
; 5.217  ; F7_ReadyIII:inst8|counter[0] ; F7_ReadyIII:inst8|counter[0] ; F7_ReadyIII:inst8|CLK_1kHz ; F7_ReadyIII:inst8|CLK_1kHz ; 0.000        ; 0.000      ; 5.256      ;
; 5.241  ; F7_ReadyIII:inst8|counter[2] ; F7_ReadyIII:inst8|counter[2] ; F7_ReadyIII:inst8|CLK_1kHz ; F7_ReadyIII:inst8|CLK_1kHz ; 0.000        ; 0.000      ; 5.280      ;
; 5.242  ; F7_ReadyIII:inst8|counter[3] ; F7_ReadyIII:inst8|counter[3] ; F7_ReadyIII:inst8|CLK_1kHz ; F7_ReadyIII:inst8|CLK_1kHz ; 0.000        ; 0.000      ; 5.281      ;
; 5.251  ; F7_ReadyIII:inst8|counter[1] ; F7_ReadyIII:inst8|counter[1] ; F7_ReadyIII:inst8|CLK_1kHz ; F7_ReadyIII:inst8|CLK_1kHz ; 0.000        ; 0.000      ; 5.290      ;
; 5.266  ; F7_ReadyIII:inst8|counter[8] ; F7_ReadyIII:inst8|counter[8] ; F7_ReadyIII:inst8|CLK_1kHz ; F7_ReadyIII:inst8|CLK_1kHz ; 0.000        ; 0.000      ; 5.305      ;
; 5.416  ; F7_ReadyIII:inst8|counter[4] ; F7_ReadyIII:inst8|counter[4] ; F7_ReadyIII:inst8|CLK_1kHz ; F7_ReadyIII:inst8|CLK_1kHz ; 0.000        ; 0.000      ; 5.455      ;
; 5.465  ; F7_ReadyIII:inst8|counter[5] ; F7_ReadyIII:inst8|counter[5] ; F7_ReadyIII:inst8|CLK_1kHz ; F7_ReadyIII:inst8|CLK_1kHz ; 0.000        ; 0.000      ; 5.504      ;
; 5.475  ; F7_ReadyIII:inst8|counter[6] ; F7_ReadyIII:inst8|counter[6] ; F7_ReadyIII:inst8|CLK_1kHz ; F7_ReadyIII:inst8|CLK_1kHz ; 0.000        ; 0.000      ; 5.514      ;
; 5.476  ; F7_ReadyIII:inst8|counter[7] ; F7_ReadyIII:inst8|counter[7] ; F7_ReadyIII:inst8|CLK_1kHz ; F7_ReadyIII:inst8|CLK_1kHz ; 0.000        ; 0.000      ; 5.515      ;
; 5.976  ; F7_ReadyIII:inst8|counter[2] ; F7_ReadyIII:inst8|counter[3] ; F7_ReadyIII:inst8|CLK_1kHz ; F7_ReadyIII:inst8|CLK_1kHz ; 0.000        ; 0.000      ; 6.015      ;
; 5.977  ; F7_ReadyIII:inst8|counter[3] ; F7_ReadyIII:inst8|counter[4] ; F7_ReadyIII:inst8|CLK_1kHz ; F7_ReadyIII:inst8|CLK_1kHz ; 0.000        ; 0.000      ; 6.016      ;
; 5.986  ; F7_ReadyIII:inst8|counter[1] ; F7_ReadyIII:inst8|counter[2] ; F7_ReadyIII:inst8|CLK_1kHz ; F7_ReadyIII:inst8|CLK_1kHz ; 0.000        ; 0.000      ; 6.025      ;
; 6.120  ; F7_ReadyIII:inst8|counter[2] ; F7_ReadyIII:inst8|counter[4] ; F7_ReadyIII:inst8|CLK_1kHz ; F7_ReadyIII:inst8|CLK_1kHz ; 0.000        ; 0.000      ; 6.159      ;
; 6.121  ; F7_ReadyIII:inst8|counter[3] ; F7_ReadyIII:inst8|counter[5] ; F7_ReadyIII:inst8|CLK_1kHz ; F7_ReadyIII:inst8|CLK_1kHz ; 0.000        ; 0.000      ; 6.160      ;
; 6.130  ; F7_ReadyIII:inst8|counter[1] ; F7_ReadyIII:inst8|counter[3] ; F7_ReadyIII:inst8|CLK_1kHz ; F7_ReadyIII:inst8|CLK_1kHz ; 0.000        ; 0.000      ; 6.169      ;
; 6.264  ; F7_ReadyIII:inst8|counter[2] ; F7_ReadyIII:inst8|counter[5] ; F7_ReadyIII:inst8|CLK_1kHz ; F7_ReadyIII:inst8|CLK_1kHz ; 0.000        ; 0.000      ; 6.303      ;
; 6.274  ; F7_ReadyIII:inst8|counter[1] ; F7_ReadyIII:inst8|counter[4] ; F7_ReadyIII:inst8|CLK_1kHz ; F7_ReadyIII:inst8|CLK_1kHz ; 0.000        ; 0.000      ; 6.313      ;
; 6.418  ; F7_ReadyIII:inst8|counter[4] ; F7_ReadyIII:inst8|counter[5] ; F7_ReadyIII:inst8|CLK_1kHz ; F7_ReadyIII:inst8|CLK_1kHz ; 0.000        ; 0.000      ; 6.457      ;
; 6.418  ; F7_ReadyIII:inst8|counter[1] ; F7_ReadyIII:inst8|counter[5] ; F7_ReadyIII:inst8|CLK_1kHz ; F7_ReadyIII:inst8|CLK_1kHz ; 0.000        ; 0.000      ; 6.457      ;
; 6.477  ; F7_ReadyIII:inst8|counter[6] ; F7_ReadyIII:inst8|counter[7] ; F7_ReadyIII:inst8|CLK_1kHz ; F7_ReadyIII:inst8|CLK_1kHz ; 0.000        ; 0.000      ; 6.516      ;
; 6.478  ; F7_ReadyIII:inst8|counter[7] ; F7_ReadyIII:inst8|counter[8] ; F7_ReadyIII:inst8|CLK_1kHz ; F7_ReadyIII:inst8|CLK_1kHz ; 0.000        ; 0.000      ; 6.517      ;
; 6.554  ; F7_ReadyIII:inst8|counter[0] ; F7_ReadyIII:inst8|counter[1] ; F7_ReadyIII:inst8|CLK_1kHz ; F7_ReadyIII:inst8|CLK_1kHz ; 0.000        ; -0.055     ; 6.538      ;
; 6.621  ; F7_ReadyIII:inst8|counter[6] ; F7_ReadyIII:inst8|counter[8] ; F7_ReadyIII:inst8|CLK_1kHz ; F7_ReadyIII:inst8|CLK_1kHz ; 0.000        ; 0.000      ; 6.660      ;
; 6.757  ; F7_ReadyIII:inst8|counter[3] ; F7_ReadyIII:inst8|counter[8] ; F7_ReadyIII:inst8|CLK_1kHz ; F7_ReadyIII:inst8|CLK_1kHz ; 0.000        ; 0.000      ; 6.796      ;
; 6.757  ; F7_ReadyIII:inst8|counter[3] ; F7_ReadyIII:inst8|counter[7] ; F7_ReadyIII:inst8|CLK_1kHz ; F7_ReadyIII:inst8|CLK_1kHz ; 0.000        ; 0.000      ; 6.796      ;
; 6.757  ; F7_ReadyIII:inst8|counter[3] ; F7_ReadyIII:inst8|counter[6] ; F7_ReadyIII:inst8|CLK_1kHz ; F7_ReadyIII:inst8|CLK_1kHz ; 0.000        ; 0.000      ; 6.796      ;
; 6.900  ; F7_ReadyIII:inst8|counter[2] ; F7_ReadyIII:inst8|counter[8] ; F7_ReadyIII:inst8|CLK_1kHz ; F7_ReadyIII:inst8|CLK_1kHz ; 0.000        ; 0.000      ; 6.939      ;
; 6.900  ; F7_ReadyIII:inst8|counter[2] ; F7_ReadyIII:inst8|counter[7] ; F7_ReadyIII:inst8|CLK_1kHz ; F7_ReadyIII:inst8|CLK_1kHz ; 0.000        ; 0.000      ; 6.939      ;
; 6.900  ; F7_ReadyIII:inst8|counter[2] ; F7_ReadyIII:inst8|counter[6] ; F7_ReadyIII:inst8|CLK_1kHz ; F7_ReadyIII:inst8|CLK_1kHz ; 0.000        ; 0.000      ; 6.939      ;
; 7.022  ; F7_ReadyIII:inst8|counter[5] ; F7_ReadyIII:inst8|counter[8] ; F7_ReadyIII:inst8|CLK_1kHz ; F7_ReadyIII:inst8|CLK_1kHz ; 0.000        ; 0.000      ; 7.061      ;
; 7.022  ; F7_ReadyIII:inst8|counter[5] ; F7_ReadyIII:inst8|counter[7] ; F7_ReadyIII:inst8|CLK_1kHz ; F7_ReadyIII:inst8|CLK_1kHz ; 0.000        ; 0.000      ; 7.061      ;
; 7.022  ; F7_ReadyIII:inst8|counter[5] ; F7_ReadyIII:inst8|counter[6] ; F7_ReadyIII:inst8|CLK_1kHz ; F7_ReadyIII:inst8|CLK_1kHz ; 0.000        ; 0.000      ; 7.061      ;
; 7.054  ; F7_ReadyIII:inst8|counter[4] ; F7_ReadyIII:inst8|counter[8] ; F7_ReadyIII:inst8|CLK_1kHz ; F7_ReadyIII:inst8|CLK_1kHz ; 0.000        ; 0.000      ; 7.093      ;
; 7.054  ; F7_ReadyIII:inst8|counter[4] ; F7_ReadyIII:inst8|counter[7] ; F7_ReadyIII:inst8|CLK_1kHz ; F7_ReadyIII:inst8|CLK_1kHz ; 0.000        ; 0.000      ; 7.093      ;
; 7.054  ; F7_ReadyIII:inst8|counter[4] ; F7_ReadyIII:inst8|counter[6] ; F7_ReadyIII:inst8|CLK_1kHz ; F7_ReadyIII:inst8|CLK_1kHz ; 0.000        ; 0.000      ; 7.093      ;
; 7.054  ; F7_ReadyIII:inst8|counter[1] ; F7_ReadyIII:inst8|counter[8] ; F7_ReadyIII:inst8|CLK_1kHz ; F7_ReadyIII:inst8|CLK_1kHz ; 0.000        ; 0.000      ; 7.093      ;
; 7.054  ; F7_ReadyIII:inst8|counter[1] ; F7_ReadyIII:inst8|counter[7] ; F7_ReadyIII:inst8|CLK_1kHz ; F7_ReadyIII:inst8|CLK_1kHz ; 0.000        ; 0.000      ; 7.093      ;
; 7.054  ; F7_ReadyIII:inst8|counter[1] ; F7_ReadyIII:inst8|counter[6] ; F7_ReadyIII:inst8|CLK_1kHz ; F7_ReadyIII:inst8|CLK_1kHz ; 0.000        ; 0.000      ; 7.093      ;
; 7.556  ; F7_ReadyIII:inst8|counter[0] ; F7_ReadyIII:inst8|counter[2] ; F7_ReadyIII:inst8|CLK_1kHz ; F7_ReadyIII:inst8|CLK_1kHz ; 0.000        ; -0.055     ; 7.540      ;
; 7.700  ; F7_ReadyIII:inst8|counter[0] ; F7_ReadyIII:inst8|counter[3] ; F7_ReadyIII:inst8|CLK_1kHz ; F7_ReadyIII:inst8|CLK_1kHz ; 0.000        ; -0.055     ; 7.684      ;
; 7.844  ; F7_ReadyIII:inst8|counter[0] ; F7_ReadyIII:inst8|counter[4] ; F7_ReadyIII:inst8|CLK_1kHz ; F7_ReadyIII:inst8|CLK_1kHz ; 0.000        ; -0.055     ; 7.828      ;
; 7.859  ; F7_ReadyIII:inst8|counter[6] ; F7_ReadyIII:inst8|counter[0] ; F7_ReadyIII:inst8|CLK_1kHz ; F7_ReadyIII:inst8|CLK_1kHz ; 0.000        ; 0.055      ; 7.953      ;
; 7.860  ; F7_ReadyIII:inst8|counter[6] ; F7_ReadyIII:inst8|READY      ; F7_ReadyIII:inst8|CLK_1kHz ; F7_ReadyIII:inst8|CLK_1kHz ; 0.000        ; 0.055      ; 7.954      ;
; 7.867  ; F7_ReadyIII:inst8|counter[6] ; F7_ReadyIII:inst8|counter[1] ; F7_ReadyIII:inst8|CLK_1kHz ; F7_ReadyIII:inst8|CLK_1kHz ; 0.000        ; 0.000      ; 7.906      ;
; 7.867  ; F7_ReadyIII:inst8|counter[6] ; F7_ReadyIII:inst8|counter[5] ; F7_ReadyIII:inst8|CLK_1kHz ; F7_ReadyIII:inst8|CLK_1kHz ; 0.000        ; 0.000      ; 7.906      ;
; 7.867  ; F7_ReadyIII:inst8|counter[6] ; F7_ReadyIII:inst8|counter[4] ; F7_ReadyIII:inst8|CLK_1kHz ; F7_ReadyIII:inst8|CLK_1kHz ; 0.000        ; 0.000      ; 7.906      ;
; 7.867  ; F7_ReadyIII:inst8|counter[6] ; F7_ReadyIII:inst8|counter[3] ; F7_ReadyIII:inst8|CLK_1kHz ; F7_ReadyIII:inst8|CLK_1kHz ; 0.000        ; 0.000      ; 7.906      ;
; 7.867  ; F7_ReadyIII:inst8|counter[6] ; F7_ReadyIII:inst8|counter[2] ; F7_ReadyIII:inst8|CLK_1kHz ; F7_ReadyIII:inst8|CLK_1kHz ; 0.000        ; 0.000      ; 7.906      ;
; 7.988  ; F7_ReadyIII:inst8|counter[0] ; F7_ReadyIII:inst8|counter[5] ; F7_ReadyIII:inst8|CLK_1kHz ; F7_ReadyIII:inst8|CLK_1kHz ; 0.000        ; -0.055     ; 7.972      ;
; 8.624  ; F7_ReadyIII:inst8|counter[0] ; F7_ReadyIII:inst8|counter[8] ; F7_ReadyIII:inst8|CLK_1kHz ; F7_ReadyIII:inst8|CLK_1kHz ; 0.000        ; -0.055     ; 8.608      ;
; 8.624  ; F7_ReadyIII:inst8|counter[0] ; F7_ReadyIII:inst8|counter[7] ; F7_ReadyIII:inst8|CLK_1kHz ; F7_ReadyIII:inst8|CLK_1kHz ; 0.000        ; -0.055     ; 8.608      ;
; 8.624  ; F7_ReadyIII:inst8|counter[0] ; F7_ReadyIII:inst8|counter[6] ; F7_ReadyIII:inst8|CLK_1kHz ; F7_ReadyIII:inst8|CLK_1kHz ; 0.000        ; -0.055     ; 8.608      ;
; 8.684  ; F7_ReadyIII:inst8|counter[8] ; F7_ReadyIII:inst8|counter[0] ; F7_ReadyIII:inst8|CLK_1kHz ; F7_ReadyIII:inst8|CLK_1kHz ; 0.000        ; 0.055      ; 8.778      ;
; 8.685  ; F7_ReadyIII:inst8|counter[8] ; F7_ReadyIII:inst8|READY      ; F7_ReadyIII:inst8|CLK_1kHz ; F7_ReadyIII:inst8|CLK_1kHz ; 0.000        ; 0.055      ; 8.779      ;
; 8.692  ; F7_ReadyIII:inst8|counter[8] ; F7_ReadyIII:inst8|counter[1] ; F7_ReadyIII:inst8|CLK_1kHz ; F7_ReadyIII:inst8|CLK_1kHz ; 0.000        ; 0.000      ; 8.731      ;
; 8.692  ; F7_ReadyIII:inst8|counter[8] ; F7_ReadyIII:inst8|counter[7] ; F7_ReadyIII:inst8|CLK_1kHz ; F7_ReadyIII:inst8|CLK_1kHz ; 0.000        ; 0.000      ; 8.731      ;
; 8.692  ; F7_ReadyIII:inst8|counter[8] ; F7_ReadyIII:inst8|counter[6] ; F7_ReadyIII:inst8|CLK_1kHz ; F7_ReadyIII:inst8|CLK_1kHz ; 0.000        ; 0.000      ; 8.731      ;
; 8.692  ; F7_ReadyIII:inst8|counter[8] ; F7_ReadyIII:inst8|counter[5] ; F7_ReadyIII:inst8|CLK_1kHz ; F7_ReadyIII:inst8|CLK_1kHz ; 0.000        ; 0.000      ; 8.731      ;
; 8.692  ; F7_ReadyIII:inst8|counter[8] ; F7_ReadyIII:inst8|counter[4] ; F7_ReadyIII:inst8|CLK_1kHz ; F7_ReadyIII:inst8|CLK_1kHz ; 0.000        ; 0.000      ; 8.731      ;
; 8.692  ; F7_ReadyIII:inst8|counter[8] ; F7_ReadyIII:inst8|counter[3] ; F7_ReadyIII:inst8|CLK_1kHz ; F7_ReadyIII:inst8|CLK_1kHz ; 0.000        ; 0.000      ; 8.731      ;
; 8.692  ; F7_ReadyIII:inst8|counter[8] ; F7_ReadyIII:inst8|counter[2] ; F7_ReadyIII:inst8|CLK_1kHz ; F7_ReadyIII:inst8|CLK_1kHz ; 0.000        ; 0.000      ; 8.731      ;
; 8.909  ; F7_ReadyIII:inst8|counter[7] ; F7_ReadyIII:inst8|counter[0] ; F7_ReadyIII:inst8|CLK_1kHz ; F7_ReadyIII:inst8|CLK_1kHz ; 0.000        ; 0.055      ; 9.003      ;
; 8.910  ; F7_ReadyIII:inst8|counter[7] ; F7_ReadyIII:inst8|READY      ; F7_ReadyIII:inst8|CLK_1kHz ; F7_ReadyIII:inst8|CLK_1kHz ; 0.000        ; 0.055      ; 9.004      ;
; 8.917  ; F7_ReadyIII:inst8|counter[7] ; F7_ReadyIII:inst8|counter[1] ; F7_ReadyIII:inst8|CLK_1kHz ; F7_ReadyIII:inst8|CLK_1kHz ; 0.000        ; 0.000      ; 8.956      ;
; 8.917  ; F7_ReadyIII:inst8|counter[7] ; F7_ReadyIII:inst8|counter[6] ; F7_ReadyIII:inst8|CLK_1kHz ; F7_ReadyIII:inst8|CLK_1kHz ; 0.000        ; 0.000      ; 8.956      ;
; 8.917  ; F7_ReadyIII:inst8|counter[7] ; F7_ReadyIII:inst8|counter[5] ; F7_ReadyIII:inst8|CLK_1kHz ; F7_ReadyIII:inst8|CLK_1kHz ; 0.000        ; 0.000      ; 8.956      ;
; 8.917  ; F7_ReadyIII:inst8|counter[7] ; F7_ReadyIII:inst8|counter[4] ; F7_ReadyIII:inst8|CLK_1kHz ; F7_ReadyIII:inst8|CLK_1kHz ; 0.000        ; 0.000      ; 8.956      ;
; 8.917  ; F7_ReadyIII:inst8|counter[7] ; F7_ReadyIII:inst8|counter[3] ; F7_ReadyIII:inst8|CLK_1kHz ; F7_ReadyIII:inst8|CLK_1kHz ; 0.000        ; 0.000      ; 8.956      ;
; 8.917  ; F7_ReadyIII:inst8|counter[7] ; F7_ReadyIII:inst8|counter[2] ; F7_ReadyIII:inst8|CLK_1kHz ; F7_ReadyIII:inst8|CLK_1kHz ; 0.000        ; 0.000      ; 8.956      ;
; 12.312 ; F7_ReadyIII:inst8|counter[3] ; F7_ReadyIII:inst8|counter[0] ; F7_ReadyIII:inst8|CLK_1kHz ; F7_ReadyIII:inst8|CLK_1kHz ; 0.000        ; 0.055      ; 12.406     ;
; 12.313 ; F7_ReadyIII:inst8|counter[3] ; F7_ReadyIII:inst8|READY      ; F7_ReadyIII:inst8|CLK_1kHz ; F7_ReadyIII:inst8|CLK_1kHz ; 0.000        ; 0.055      ; 12.407     ;
; 12.320 ; F7_ReadyIII:inst8|counter[3] ; F7_ReadyIII:inst8|counter[1] ; F7_ReadyIII:inst8|CLK_1kHz ; F7_ReadyIII:inst8|CLK_1kHz ; 0.000        ; 0.000      ; 12.359     ;
; 12.320 ; F7_ReadyIII:inst8|counter[3] ; F7_ReadyIII:inst8|counter[2] ; F7_ReadyIII:inst8|CLK_1kHz ; F7_ReadyIII:inst8|CLK_1kHz ; 0.000        ; 0.000      ; 12.359     ;
; 13.146 ; F7_ReadyIII:inst8|counter[5] ; F7_ReadyIII:inst8|counter[0] ; F7_ReadyIII:inst8|CLK_1kHz ; F7_ReadyIII:inst8|CLK_1kHz ; 0.000        ; 0.055      ; 13.240     ;
; 13.147 ; F7_ReadyIII:inst8|counter[5] ; F7_ReadyIII:inst8|READY      ; F7_ReadyIII:inst8|CLK_1kHz ; F7_ReadyIII:inst8|CLK_1kHz ; 0.000        ; 0.055      ; 13.241     ;
; 13.154 ; F7_ReadyIII:inst8|counter[5] ; F7_ReadyIII:inst8|counter[1] ; F7_ReadyIII:inst8|CLK_1kHz ; F7_ReadyIII:inst8|CLK_1kHz ; 0.000        ; 0.000      ; 13.193     ;
; 13.154 ; F7_ReadyIII:inst8|counter[5] ; F7_ReadyIII:inst8|counter[4] ; F7_ReadyIII:inst8|CLK_1kHz ; F7_ReadyIII:inst8|CLK_1kHz ; 0.000        ; 0.000      ; 13.193     ;
; 13.154 ; F7_ReadyIII:inst8|counter[5] ; F7_ReadyIII:inst8|counter[3] ; F7_ReadyIII:inst8|CLK_1kHz ; F7_ReadyIII:inst8|CLK_1kHz ; 0.000        ; 0.000      ; 13.193     ;
; 13.154 ; F7_ReadyIII:inst8|counter[5] ; F7_ReadyIII:inst8|counter[2] ; F7_ReadyIII:inst8|CLK_1kHz ; F7_ReadyIII:inst8|CLK_1kHz ; 0.000        ; 0.000      ; 13.193     ;
; 13.334 ; F7_ReadyIII:inst8|counter[2] ; F7_ReadyIII:inst8|counter[0] ; F7_ReadyIII:inst8|CLK_1kHz ; F7_ReadyIII:inst8|CLK_1kHz ; 0.000        ; 0.055      ; 13.428     ;
; 13.335 ; F7_ReadyIII:inst8|counter[2] ; F7_ReadyIII:inst8|READY      ; F7_ReadyIII:inst8|CLK_1kHz ; F7_ReadyIII:inst8|CLK_1kHz ; 0.000        ; 0.055      ; 13.429     ;
; 13.342 ; F7_ReadyIII:inst8|counter[2] ; F7_ReadyIII:inst8|counter[1] ; F7_ReadyIII:inst8|CLK_1kHz ; F7_ReadyIII:inst8|CLK_1kHz ; 0.000        ; 0.000      ; 13.381     ;
; 14.057 ; F7_ReadyIII:inst8|counter[4] ; F7_ReadyIII:inst8|counter[0] ; F7_ReadyIII:inst8|CLK_1kHz ; F7_ReadyIII:inst8|CLK_1kHz ; 0.000        ; 0.055      ; 14.151     ;
; 14.058 ; F7_ReadyIII:inst8|counter[4] ; F7_ReadyIII:inst8|READY      ; F7_ReadyIII:inst8|CLK_1kHz ; F7_ReadyIII:inst8|CLK_1kHz ; 0.000        ; 0.055      ; 14.152     ;
; 14.065 ; F7_ReadyIII:inst8|counter[4] ; F7_ReadyIII:inst8|counter[1] ; F7_ReadyIII:inst8|CLK_1kHz ; F7_ReadyIII:inst8|CLK_1kHz ; 0.000        ; 0.000      ; 14.104     ;
; 14.065 ; F7_ReadyIII:inst8|counter[4] ; F7_ReadyIII:inst8|counter[3] ; F7_ReadyIII:inst8|CLK_1kHz ; F7_ReadyIII:inst8|CLK_1kHz ; 0.000        ; 0.000      ; 14.104     ;
; 14.065 ; F7_ReadyIII:inst8|counter[4] ; F7_ReadyIII:inst8|counter[2] ; F7_ReadyIII:inst8|CLK_1kHz ; F7_ReadyIII:inst8|CLK_1kHz ; 0.000        ; 0.000      ; 14.104     ;
+--------+------------------------------+------------------------------+----------------------------+----------------------------+--------------+------------+------------+


+------------------------------------------------------------------------------------------------------------------------------------------------------------------------+
; Recovery: 'F0_CE_CLOCKS:inst12|MCLKDV8'                                                                                                                                ;
+---------+-----------------------------------+------------------------------------+--------------+-----------------------------+--------------+------------+------------+
; Slack   ; From Node                         ; To Node                            ; Launch Clock ; Latch Clock                 ; Relationship ; Clock Skew ; Data Delay ;
+---------+-----------------------------------+------------------------------------+--------------+-----------------------------+--------------+------------+------------+
; -11.814 ; MASTER_LRCK                       ; F15_Par2I2S_2S4P:inst16|Lshift[14] ; MASTER_LRCK  ; F0_CE_CLOCKS:inst12|MCLKDV8 ; 0.500        ; 5.276      ; 17.269     ;
; -11.814 ; MASTER_LRCK                       ; F15_Par2I2S_2S4P:inst16|Rshift[11] ; MASTER_LRCK  ; F0_CE_CLOCKS:inst12|MCLKDV8 ; 0.500        ; 5.276      ; 17.269     ;
; -11.814 ; MASTER_LRCK                       ; F15_Par2I2S_2S4P:inst16|Rshift[23] ; MASTER_LRCK  ; F0_CE_CLOCKS:inst12|MCLKDV8 ; 0.500        ; 5.276      ; 17.269     ;
; -11.814 ; MASTER_LRCK                       ; F15_Par2I2S_2S4P:inst16|Rshift[16] ; MASTER_LRCK  ; F0_CE_CLOCKS:inst12|MCLKDV8 ; 0.500        ; 5.276      ; 17.269     ;
; -11.814 ; MASTER_LRCK                       ; F15_Par2I2S_2S4P:inst16|Rshift[15] ; MASTER_LRCK  ; F0_CE_CLOCKS:inst12|MCLKDV8 ; 0.500        ; 5.276      ; 17.269     ;
; -11.814 ; MASTER_LRCK                       ; F15_Par2I2S_2S4P:inst16|Rshift[19] ; MASTER_LRCK  ; F0_CE_CLOCKS:inst12|MCLKDV8 ; 0.500        ; 5.276      ; 17.269     ;
; -11.814 ; MASTER_LRCK                       ; F15_Par2I2S_2S4P:inst16|Rshift[20] ; MASTER_LRCK  ; F0_CE_CLOCKS:inst12|MCLKDV8 ; 0.500        ; 5.276      ; 17.269     ;
; -11.314 ; MASTER_LRCK                       ; F15_Par2I2S_2S4P:inst16|Lshift[14] ; MASTER_LRCK  ; F0_CE_CLOCKS:inst12|MCLKDV8 ; 1.000        ; 5.276      ; 17.269     ;
; -11.314 ; MASTER_LRCK                       ; F15_Par2I2S_2S4P:inst16|Rshift[11] ; MASTER_LRCK  ; F0_CE_CLOCKS:inst12|MCLKDV8 ; 1.000        ; 5.276      ; 17.269     ;
; -11.314 ; MASTER_LRCK                       ; F15_Par2I2S_2S4P:inst16|Rshift[23] ; MASTER_LRCK  ; F0_CE_CLOCKS:inst12|MCLKDV8 ; 1.000        ; 5.276      ; 17.269     ;
; -11.314 ; MASTER_LRCK                       ; F15_Par2I2S_2S4P:inst16|Rshift[16] ; MASTER_LRCK  ; F0_CE_CLOCKS:inst12|MCLKDV8 ; 1.000        ; 5.276      ; 17.269     ;
; -11.314 ; MASTER_LRCK                       ; F15_Par2I2S_2S4P:inst16|Rshift[15] ; MASTER_LRCK  ; F0_CE_CLOCKS:inst12|MCLKDV8 ; 1.000        ; 5.276      ; 17.269     ;
; -11.314 ; MASTER_LRCK                       ; F15_Par2I2S_2S4P:inst16|Rshift[19] ; MASTER_LRCK  ; F0_CE_CLOCKS:inst12|MCLKDV8 ; 1.000        ; 5.276      ; 17.269     ;
; -11.314 ; MASTER_LRCK                       ; F15_Par2I2S_2S4P:inst16|Rshift[20] ; MASTER_LRCK  ; F0_CE_CLOCKS:inst12|MCLKDV8 ; 1.000        ; 5.276      ; 17.269     ;
; -10.702 ; MASTER_LRCK                       ; F15_Par2I2S_2S4P:inst16|Lshift[21] ; MASTER_LRCK  ; F0_CE_CLOCKS:inst12|MCLKDV8 ; 0.500        ; 5.276      ; 16.157     ;
; -10.202 ; MASTER_LRCK                       ; F15_Par2I2S_2S4P:inst16|Lshift[21] ; MASTER_LRCK  ; F0_CE_CLOCKS:inst12|MCLKDV8 ; 1.000        ; 5.276      ; 16.157     ;
; -8.768  ; F1_ReadADCFullSpeed:inst1|CLKFSd2 ; F15_Par2I2S_2S4P:inst16|Lshift[14] ; CLKIN_xN     ; F0_CE_CLOCKS:inst12|MCLKDV8 ; 0.500        ; 0.553      ; 9.500      ;
; -8.768  ; F1_ReadADCFullSpeed:inst1|CLKFSd2 ; F15_Par2I2S_2S4P:inst16|Rshift[11] ; CLKIN_xN     ; F0_CE_CLOCKS:inst12|MCLKDV8 ; 0.500        ; 0.553      ; 9.500      ;
; -8.768  ; F1_ReadADCFullSpeed:inst1|CLKFSd2 ; F15_Par2I2S_2S4P:inst16|Rshift[23] ; CLKIN_xN     ; F0_CE_CLOCKS:inst12|MCLKDV8 ; 0.500        ; 0.553      ; 9.500      ;
; -8.768  ; F1_ReadADCFullSpeed:inst1|CLKFSd2 ; F15_Par2I2S_2S4P:inst16|Rshift[16] ; CLKIN_xN     ; F0_CE_CLOCKS:inst12|MCLKDV8 ; 0.500        ; 0.553      ; 9.500      ;
; -8.768  ; F1_ReadADCFullSpeed:inst1|CLKFSd2 ; F15_Par2I2S_2S4P:inst16|Rshift[15] ; CLKIN_xN     ; F0_CE_CLOCKS:inst12|MCLKDV8 ; 0.500        ; 0.553      ; 9.500      ;
; -8.768  ; F1_ReadADCFullSpeed:inst1|CLKFSd2 ; F15_Par2I2S_2S4P:inst16|Rshift[19] ; CLKIN_xN     ; F0_CE_CLOCKS:inst12|MCLKDV8 ; 0.500        ; 0.553      ; 9.500      ;
; -8.768  ; F1_ReadADCFullSpeed:inst1|CLKFSd2 ; F15_Par2I2S_2S4P:inst16|Rshift[20] ; CLKIN_xN     ; F0_CE_CLOCKS:inst12|MCLKDV8 ; 0.500        ; 0.553      ; 9.500      ;
; -8.318  ; MASTER_LRCK                       ; F15_Par2I2S_2S4P:inst16|Lshift[19] ; MASTER_LRCK  ; F0_CE_CLOCKS:inst12|MCLKDV8 ; 0.500        ; 5.276      ; 13.773     ;
; -8.318  ; MASTER_LRCK                       ; F15_Par2I2S_2S4P:inst16|Lshift[9]  ; MASTER_LRCK  ; F0_CE_CLOCKS:inst12|MCLKDV8 ; 0.500        ; 5.276      ; 13.773     ;
; -8.318  ; MASTER_LRCK                       ; F15_Par2I2S_2S4P:inst16|Lshift[11] ; MASTER_LRCK  ; F0_CE_CLOCKS:inst12|MCLKDV8 ; 0.500        ; 5.276      ; 13.773     ;
; -8.318  ; MASTER_LRCK                       ; F15_Par2I2S_2S4P:inst16|Lshift[7]  ; MASTER_LRCK  ; F0_CE_CLOCKS:inst12|MCLKDV8 ; 0.500        ; 5.276      ; 13.773     ;
; -8.318  ; MASTER_LRCK                       ; F15_Par2I2S_2S4P:inst16|Rshift[14] ; MASTER_LRCK  ; F0_CE_CLOCKS:inst12|MCLKDV8 ; 0.500        ; 5.276      ; 13.773     ;
; -8.318  ; MASTER_LRCK                       ; F15_Par2I2S_2S4P:inst16|Lshift[15] ; MASTER_LRCK  ; F0_CE_CLOCKS:inst12|MCLKDV8 ; 0.500        ; 5.276      ; 13.773     ;
; -8.318  ; MASTER_LRCK                       ; F15_Par2I2S_2S4P:inst16|Lshift[17] ; MASTER_LRCK  ; F0_CE_CLOCKS:inst12|MCLKDV8 ; 0.500        ; 5.276      ; 13.773     ;
; -8.318  ; MASTER_LRCK                       ; F15_Par2I2S_2S4P:inst16|Rshift[22] ; MASTER_LRCK  ; F0_CE_CLOCKS:inst12|MCLKDV8 ; 0.500        ; 5.276      ; 13.773     ;
; -8.318  ; MASTER_LRCK                       ; F15_Par2I2S_2S4P:inst16|Lshift[23] ; MASTER_LRCK  ; F0_CE_CLOCKS:inst12|MCLKDV8 ; 0.500        ; 5.276      ; 13.773     ;
; -7.818  ; MASTER_LRCK                       ; F15_Par2I2S_2S4P:inst16|Lshift[19] ; MASTER_LRCK  ; F0_CE_CLOCKS:inst12|MCLKDV8 ; 1.000        ; 5.276      ; 13.773     ;
; -7.818  ; MASTER_LRCK                       ; F15_Par2I2S_2S4P:inst16|Lshift[9]  ; MASTER_LRCK  ; F0_CE_CLOCKS:inst12|MCLKDV8 ; 1.000        ; 5.276      ; 13.773     ;
; -7.818  ; MASTER_LRCK                       ; F15_Par2I2S_2S4P:inst16|Lshift[11] ; MASTER_LRCK  ; F0_CE_CLOCKS:inst12|MCLKDV8 ; 1.000        ; 5.276      ; 13.773     ;
; -7.818  ; MASTER_LRCK                       ; F15_Par2I2S_2S4P:inst16|Lshift[7]  ; MASTER_LRCK  ; F0_CE_CLOCKS:inst12|MCLKDV8 ; 1.000        ; 5.276      ; 13.773     ;
; -7.818  ; MASTER_LRCK                       ; F15_Par2I2S_2S4P:inst16|Rshift[14] ; MASTER_LRCK  ; F0_CE_CLOCKS:inst12|MCLKDV8 ; 1.000        ; 5.276      ; 13.773     ;
; -7.818  ; MASTER_LRCK                       ; F15_Par2I2S_2S4P:inst16|Lshift[15] ; MASTER_LRCK  ; F0_CE_CLOCKS:inst12|MCLKDV8 ; 1.000        ; 5.276      ; 13.773     ;
; -7.818  ; MASTER_LRCK                       ; F15_Par2I2S_2S4P:inst16|Lshift[17] ; MASTER_LRCK  ; F0_CE_CLOCKS:inst12|MCLKDV8 ; 1.000        ; 5.276      ; 13.773     ;
; -7.818  ; MASTER_LRCK                       ; F15_Par2I2S_2S4P:inst16|Rshift[22] ; MASTER_LRCK  ; F0_CE_CLOCKS:inst12|MCLKDV8 ; 1.000        ; 5.276      ; 13.773     ;
; -7.818  ; MASTER_LRCK                       ; F15_Par2I2S_2S4P:inst16|Lshift[23] ; MASTER_LRCK  ; F0_CE_CLOCKS:inst12|MCLKDV8 ; 1.000        ; 5.276      ; 13.773     ;
; -7.656  ; F1_ReadADCFullSpeed:inst1|CLKFSd2 ; F15_Par2I2S_2S4P:inst16|Lshift[21] ; CLKIN_xN     ; F0_CE_CLOCKS:inst12|MCLKDV8 ; 0.500        ; 0.553      ; 8.388      ;
; -7.208  ; MASTER_LRCK                       ; F15_Par2I2S_2S4P:inst16|Lshift[16] ; MASTER_LRCK  ; F0_CE_CLOCKS:inst12|MCLKDV8 ; 0.500        ; 5.276      ; 12.663     ;
; -7.208  ; MASTER_LRCK                       ; F15_Par2I2S_2S4P:inst16|Lshift[18] ; MASTER_LRCK  ; F0_CE_CLOCKS:inst12|MCLKDV8 ; 0.500        ; 5.276      ; 12.663     ;
; -7.208  ; MASTER_LRCK                       ; F15_Par2I2S_2S4P:inst16|Rshift[21] ; MASTER_LRCK  ; F0_CE_CLOCKS:inst12|MCLKDV8 ; 0.500        ; 5.276      ; 12.663     ;
; -7.208  ; MASTER_LRCK                       ; F15_Par2I2S_2S4P:inst16|Lshift[6]  ; MASTER_LRCK  ; F0_CE_CLOCKS:inst12|MCLKDV8 ; 0.500        ; 5.276      ; 12.663     ;
; -7.208  ; MASTER_LRCK                       ; F15_Par2I2S_2S4P:inst16|Lshift[22] ; MASTER_LRCK  ; F0_CE_CLOCKS:inst12|MCLKDV8 ; 0.500        ; 5.276      ; 12.663     ;
; -7.208  ; MASTER_LRCK                       ; F15_Par2I2S_2S4P:inst16|Lshift[12] ; MASTER_LRCK  ; F0_CE_CLOCKS:inst12|MCLKDV8 ; 0.500        ; 5.276      ; 12.663     ;
; -7.208  ; MASTER_LRCK                       ; F15_Par2I2S_2S4P:inst16|Rshift[17] ; MASTER_LRCK  ; F0_CE_CLOCKS:inst12|MCLKDV8 ; 0.500        ; 5.276      ; 12.663     ;
; -7.208  ; MASTER_LRCK                       ; F15_Par2I2S_2S4P:inst16|Lshift[20] ; MASTER_LRCK  ; F0_CE_CLOCKS:inst12|MCLKDV8 ; 0.500        ; 5.276      ; 12.663     ;
; -6.708  ; MASTER_LRCK                       ; F15_Par2I2S_2S4P:inst16|Lshift[16] ; MASTER_LRCK  ; F0_CE_CLOCKS:inst12|MCLKDV8 ; 1.000        ; 5.276      ; 12.663     ;
; -6.708  ; MASTER_LRCK                       ; F15_Par2I2S_2S4P:inst16|Lshift[18] ; MASTER_LRCK  ; F0_CE_CLOCKS:inst12|MCLKDV8 ; 1.000        ; 5.276      ; 12.663     ;
; -6.708  ; MASTER_LRCK                       ; F15_Par2I2S_2S4P:inst16|Rshift[21] ; MASTER_LRCK  ; F0_CE_CLOCKS:inst12|MCLKDV8 ; 1.000        ; 5.276      ; 12.663     ;
; -6.708  ; MASTER_LRCK                       ; F15_Par2I2S_2S4P:inst16|Lshift[6]  ; MASTER_LRCK  ; F0_CE_CLOCKS:inst12|MCLKDV8 ; 1.000        ; 5.276      ; 12.663     ;
; -6.708  ; MASTER_LRCK                       ; F15_Par2I2S_2S4P:inst16|Lshift[22] ; MASTER_LRCK  ; F0_CE_CLOCKS:inst12|MCLKDV8 ; 1.000        ; 5.276      ; 12.663     ;
; -6.708  ; MASTER_LRCK                       ; F15_Par2I2S_2S4P:inst16|Lshift[12] ; MASTER_LRCK  ; F0_CE_CLOCKS:inst12|MCLKDV8 ; 1.000        ; 5.276      ; 12.663     ;
; -6.708  ; MASTER_LRCK                       ; F15_Par2I2S_2S4P:inst16|Rshift[17] ; MASTER_LRCK  ; F0_CE_CLOCKS:inst12|MCLKDV8 ; 1.000        ; 5.276      ; 12.663     ;
; -6.708  ; MASTER_LRCK                       ; F15_Par2I2S_2S4P:inst16|Lshift[20] ; MASTER_LRCK  ; F0_CE_CLOCKS:inst12|MCLKDV8 ; 1.000        ; 5.276      ; 12.663     ;
; -5.272  ; F1_ReadADCFullSpeed:inst1|CLKFSd2 ; F15_Par2I2S_2S4P:inst16|Lshift[19] ; CLKIN_xN     ; F0_CE_CLOCKS:inst12|MCLKDV8 ; 0.500        ; 0.553      ; 6.004      ;
; -5.272  ; F1_ReadADCFullSpeed:inst1|CLKFSd2 ; F15_Par2I2S_2S4P:inst16|Lshift[9]  ; CLKIN_xN     ; F0_CE_CLOCKS:inst12|MCLKDV8 ; 0.500        ; 0.553      ; 6.004      ;
; -5.272  ; F1_ReadADCFullSpeed:inst1|CLKFSd2 ; F15_Par2I2S_2S4P:inst16|Lshift[11] ; CLKIN_xN     ; F0_CE_CLOCKS:inst12|MCLKDV8 ; 0.500        ; 0.553      ; 6.004      ;
; -5.272  ; F1_ReadADCFullSpeed:inst1|CLKFSd2 ; F15_Par2I2S_2S4P:inst16|Lshift[7]  ; CLKIN_xN     ; F0_CE_CLOCKS:inst12|MCLKDV8 ; 0.500        ; 0.553      ; 6.004      ;
; -5.272  ; F1_ReadADCFullSpeed:inst1|CLKFSd2 ; F15_Par2I2S_2S4P:inst16|Rshift[14] ; CLKIN_xN     ; F0_CE_CLOCKS:inst12|MCLKDV8 ; 0.500        ; 0.553      ; 6.004      ;
; -5.272  ; F1_ReadADCFullSpeed:inst1|CLKFSd2 ; F15_Par2I2S_2S4P:inst16|Lshift[15] ; CLKIN_xN     ; F0_CE_CLOCKS:inst12|MCLKDV8 ; 0.500        ; 0.553      ; 6.004      ;
; -5.272  ; F1_ReadADCFullSpeed:inst1|CLKFSd2 ; F15_Par2I2S_2S4P:inst16|Lshift[17] ; CLKIN_xN     ; F0_CE_CLOCKS:inst12|MCLKDV8 ; 0.500        ; 0.553      ; 6.004      ;
; -5.272  ; F1_ReadADCFullSpeed:inst1|CLKFSd2 ; F15_Par2I2S_2S4P:inst16|Rshift[22] ; CLKIN_xN     ; F0_CE_CLOCKS:inst12|MCLKDV8 ; 0.500        ; 0.553      ; 6.004      ;
; -5.272  ; F1_ReadADCFullSpeed:inst1|CLKFSd2 ; F15_Par2I2S_2S4P:inst16|Lshift[23] ; CLKIN_xN     ; F0_CE_CLOCKS:inst12|MCLKDV8 ; 0.500        ; 0.553      ; 6.004      ;
; -4.162  ; F1_ReadADCFullSpeed:inst1|CLKFSd2 ; F15_Par2I2S_2S4P:inst16|Lshift[16] ; CLKIN_xN     ; F0_CE_CLOCKS:inst12|MCLKDV8 ; 0.500        ; 0.553      ; 4.894      ;
; -4.162  ; F1_ReadADCFullSpeed:inst1|CLKFSd2 ; F15_Par2I2S_2S4P:inst16|Lshift[18] ; CLKIN_xN     ; F0_CE_CLOCKS:inst12|MCLKDV8 ; 0.500        ; 0.553      ; 4.894      ;
; -4.162  ; F1_ReadADCFullSpeed:inst1|CLKFSd2 ; F15_Par2I2S_2S4P:inst16|Rshift[21] ; CLKIN_xN     ; F0_CE_CLOCKS:inst12|MCLKDV8 ; 0.500        ; 0.553      ; 4.894      ;
; -4.162  ; F1_ReadADCFullSpeed:inst1|CLKFSd2 ; F15_Par2I2S_2S4P:inst16|Lshift[6]  ; CLKIN_xN     ; F0_CE_CLOCKS:inst12|MCLKDV8 ; 0.500        ; 0.553      ; 4.894      ;
; -4.162  ; F1_ReadADCFullSpeed:inst1|CLKFSd2 ; F15_Par2I2S_2S4P:inst16|Lshift[22] ; CLKIN_xN     ; F0_CE_CLOCKS:inst12|MCLKDV8 ; 0.500        ; 0.553      ; 4.894      ;
; -4.162  ; F1_ReadADCFullSpeed:inst1|CLKFSd2 ; F15_Par2I2S_2S4P:inst16|Lshift[12] ; CLKIN_xN     ; F0_CE_CLOCKS:inst12|MCLKDV8 ; 0.500        ; 0.553      ; 4.894      ;
; -4.162  ; F1_ReadADCFullSpeed:inst1|CLKFSd2 ; F15_Par2I2S_2S4P:inst16|Rshift[17] ; CLKIN_xN     ; F0_CE_CLOCKS:inst12|MCLKDV8 ; 0.500        ; 0.553      ; 4.894      ;
; -4.162  ; F1_ReadADCFullSpeed:inst1|CLKFSd2 ; F15_Par2I2S_2S4P:inst16|Lshift[20] ; CLKIN_xN     ; F0_CE_CLOCKS:inst12|MCLKDV8 ; 0.500        ; 0.553      ; 4.894      ;
+---------+-----------------------------------+------------------------------------+--------------+-----------------------------+--------------+------------+------------+


+-------------------------------------------------------------------------------------------------------------------------------------------------------+
; Recovery: 'IN_PIN2'                                                                                                                                   ;
+-------+-------------------------+---------------------------------+----------------------------+-------------+--------------+------------+------------+
; Slack ; From Node               ; To Node                         ; Launch Clock               ; Latch Clock ; Relationship ; Clock Skew ; Data Delay ;
+-------+-------------------------+---------------------------------+----------------------------+-------------+--------------+------------+------------+
; 0.961 ; IN_PIN2                 ; spi_slave:inst7|txBuffer[4]     ; IN_PIN2                    ; IN_PIN2     ; 0.500        ; 19.225     ; 18.443     ;
; 0.961 ; IN_PIN2                 ; spi_slave:inst7|txBuffer[3]     ; IN_PIN2                    ; IN_PIN2     ; 0.500        ; 19.225     ; 18.443     ;
; 0.961 ; IN_PIN2                 ; spi_slave:inst7|txBuffer[2]     ; IN_PIN2                    ; IN_PIN2     ; 0.500        ; 19.225     ; 18.443     ;
; 0.961 ; IN_PIN2                 ; spi_slave:inst7|txBuffer[1]     ; IN_PIN2                    ; IN_PIN2     ; 0.500        ; 19.225     ; 18.443     ;
; 0.961 ; IN_PIN2                 ; spi_slave:inst7|txBuffer[0]     ; IN_PIN2                    ; IN_PIN2     ; 0.500        ; 19.225     ; 18.443     ;
; 1.461 ; IN_PIN2                 ; spi_slave:inst7|txBuffer[4]     ; IN_PIN2                    ; IN_PIN2     ; 1.000        ; 19.225     ; 18.443     ;
; 1.461 ; IN_PIN2                 ; spi_slave:inst7|txBuffer[3]     ; IN_PIN2                    ; IN_PIN2     ; 1.000        ; 19.225     ; 18.443     ;
; 1.461 ; IN_PIN2                 ; spi_slave:inst7|txBuffer[2]     ; IN_PIN2                    ; IN_PIN2     ; 1.000        ; 19.225     ; 18.443     ;
; 1.461 ; IN_PIN2                 ; spi_slave:inst7|txBuffer[1]     ; IN_PIN2                    ; IN_PIN2     ; 1.000        ; 19.225     ; 18.443     ;
; 1.461 ; IN_PIN2                 ; spi_slave:inst7|txBuffer[0]     ; IN_PIN2                    ; IN_PIN2     ; 1.000        ; 19.225     ; 18.443     ;
; 4.064 ; IN_PIN2                 ; spi_slave:inst7|miso~en         ; IN_PIN2                    ; IN_PIN2     ; 0.500        ; 19.225     ; 15.340     ;
; 4.064 ; IN_PIN2                 ; spi_slave:inst7|txBuffer[23]    ; IN_PIN2                    ; IN_PIN2     ; 0.500        ; 19.225     ; 15.340     ;
; 4.064 ; IN_PIN2                 ; spi_slave:inst7|bit_counter[24] ; IN_PIN2                    ; IN_PIN2     ; 0.500        ; 19.225     ; 15.340     ;
; 4.064 ; IN_PIN2                 ; spi_slave:inst7|txBuffer[22]    ; IN_PIN2                    ; IN_PIN2     ; 0.500        ; 19.225     ; 15.340     ;
; 4.064 ; IN_PIN2                 ; spi_slave:inst7|txBuffer[21]    ; IN_PIN2                    ; IN_PIN2     ; 0.500        ; 19.225     ; 15.340     ;
; 4.064 ; IN_PIN2                 ; spi_slave:inst7|bit_counter[23] ; IN_PIN2                    ; IN_PIN2     ; 0.500        ; 19.225     ; 15.340     ;
; 4.064 ; IN_PIN2                 ; spi_slave:inst7|txBuffer[20]    ; IN_PIN2                    ; IN_PIN2     ; 0.500        ; 19.225     ; 15.340     ;
; 4.064 ; IN_PIN2                 ; spi_slave:inst7|bit_counter[22] ; IN_PIN2                    ; IN_PIN2     ; 0.500        ; 19.225     ; 15.340     ;
; 4.064 ; IN_PIN2                 ; spi_slave:inst7|txBuffer[19]    ; IN_PIN2                    ; IN_PIN2     ; 0.500        ; 19.225     ; 15.340     ;
; 4.064 ; IN_PIN2                 ; spi_slave:inst7|bit_counter[21] ; IN_PIN2                    ; IN_PIN2     ; 0.500        ; 19.225     ; 15.340     ;
; 4.064 ; IN_PIN2                 ; spi_slave:inst7|txBuffer[18]    ; IN_PIN2                    ; IN_PIN2     ; 0.500        ; 19.225     ; 15.340     ;
; 4.064 ; IN_PIN2                 ; spi_slave:inst7|bit_counter[20] ; IN_PIN2                    ; IN_PIN2     ; 0.500        ; 19.225     ; 15.340     ;
; 4.064 ; IN_PIN2                 ; spi_slave:inst7|txBuffer[17]    ; IN_PIN2                    ; IN_PIN2     ; 0.500        ; 19.225     ; 15.340     ;
; 4.064 ; IN_PIN2                 ; spi_slave:inst7|bit_counter[19] ; IN_PIN2                    ; IN_PIN2     ; 0.500        ; 19.225     ; 15.340     ;
; 4.064 ; IN_PIN2                 ; spi_slave:inst7|txBuffer[16]    ; IN_PIN2                    ; IN_PIN2     ; 0.500        ; 19.225     ; 15.340     ;
; 4.064 ; IN_PIN2                 ; spi_slave:inst7|bit_counter[18] ; IN_PIN2                    ; IN_PIN2     ; 0.500        ; 19.225     ; 15.340     ;
; 4.064 ; IN_PIN2                 ; spi_slave:inst7|txBuffer[15]    ; IN_PIN2                    ; IN_PIN2     ; 0.500        ; 19.225     ; 15.340     ;
; 4.064 ; IN_PIN2                 ; spi_slave:inst7|bit_counter[17] ; IN_PIN2                    ; IN_PIN2     ; 0.500        ; 19.225     ; 15.340     ;
; 4.064 ; IN_PIN2                 ; spi_slave:inst7|txBuffer[14]    ; IN_PIN2                    ; IN_PIN2     ; 0.500        ; 19.225     ; 15.340     ;
; 4.064 ; IN_PIN2                 ; spi_slave:inst7|bit_counter[16] ; IN_PIN2                    ; IN_PIN2     ; 0.500        ; 19.225     ; 15.340     ;
; 4.064 ; IN_PIN2                 ; spi_slave:inst7|txBuffer[13]    ; IN_PIN2                    ; IN_PIN2     ; 0.500        ; 19.225     ; 15.340     ;
; 4.064 ; IN_PIN2                 ; spi_slave:inst7|bit_counter[15] ; IN_PIN2                    ; IN_PIN2     ; 0.500        ; 19.225     ; 15.340     ;
; 4.064 ; IN_PIN2                 ; spi_slave:inst7|txBuffer[12]    ; IN_PIN2                    ; IN_PIN2     ; 0.500        ; 19.225     ; 15.340     ;
; 4.064 ; IN_PIN2                 ; spi_slave:inst7|bit_counter[14] ; IN_PIN2                    ; IN_PIN2     ; 0.500        ; 19.225     ; 15.340     ;
; 4.064 ; IN_PIN2                 ; spi_slave:inst7|txBuffer[11]    ; IN_PIN2                    ; IN_PIN2     ; 0.500        ; 19.225     ; 15.340     ;
; 4.064 ; IN_PIN2                 ; spi_slave:inst7|bit_counter[13] ; IN_PIN2                    ; IN_PIN2     ; 0.500        ; 19.225     ; 15.340     ;
; 4.064 ; IN_PIN2                 ; spi_slave:inst7|txBuffer[10]    ; IN_PIN2                    ; IN_PIN2     ; 0.500        ; 19.225     ; 15.340     ;
; 4.064 ; IN_PIN2                 ; spi_slave:inst7|bit_counter[12] ; IN_PIN2                    ; IN_PIN2     ; 0.500        ; 19.225     ; 15.340     ;
; 4.064 ; IN_PIN2                 ; spi_slave:inst7|txBuffer[9]     ; IN_PIN2                    ; IN_PIN2     ; 0.500        ; 19.225     ; 15.340     ;
; 4.064 ; IN_PIN2                 ; spi_slave:inst7|bit_counter[11] ; IN_PIN2                    ; IN_PIN2     ; 0.500        ; 19.225     ; 15.340     ;
; 4.064 ; IN_PIN2                 ; spi_slave:inst7|txBuffer[8]     ; IN_PIN2                    ; IN_PIN2     ; 0.500        ; 19.225     ; 15.340     ;
; 4.064 ; IN_PIN2                 ; spi_slave:inst7|bit_counter[10] ; IN_PIN2                    ; IN_PIN2     ; 0.500        ; 19.225     ; 15.340     ;
; 4.064 ; IN_PIN2                 ; spi_slave:inst7|txBuffer[7]     ; IN_PIN2                    ; IN_PIN2     ; 0.500        ; 19.225     ; 15.340     ;
; 4.064 ; IN_PIN2                 ; spi_slave:inst7|bit_counter[9]  ; IN_PIN2                    ; IN_PIN2     ; 0.500        ; 19.225     ; 15.340     ;
; 4.064 ; IN_PIN2                 ; spi_slave:inst7|txBuffer[6]     ; IN_PIN2                    ; IN_PIN2     ; 0.500        ; 19.225     ; 15.340     ;
; 4.064 ; IN_PIN2                 ; spi_slave:inst7|bit_counter[8]  ; IN_PIN2                    ; IN_PIN2     ; 0.500        ; 19.225     ; 15.340     ;
; 4.064 ; IN_PIN2                 ; spi_slave:inst7|txBuffer[5]     ; IN_PIN2                    ; IN_PIN2     ; 0.500        ; 19.225     ; 15.340     ;
; 4.064 ; IN_PIN2                 ; spi_slave:inst7|bit_counter[7]  ; IN_PIN2                    ; IN_PIN2     ; 0.500        ; 19.225     ; 15.340     ;
; 4.064 ; IN_PIN2                 ; spi_slave:inst7|bit_counter[6]  ; IN_PIN2                    ; IN_PIN2     ; 0.500        ; 19.225     ; 15.340     ;
; 4.064 ; IN_PIN2                 ; spi_slave:inst7|bit_counter[5]  ; IN_PIN2                    ; IN_PIN2     ; 0.500        ; 19.225     ; 15.340     ;
; 4.064 ; IN_PIN2                 ; spi_slave:inst7|bit_counter[4]  ; IN_PIN2                    ; IN_PIN2     ; 0.500        ; 19.225     ; 15.340     ;
; 4.064 ; IN_PIN2                 ; spi_slave:inst7|bit_counter[3]  ; IN_PIN2                    ; IN_PIN2     ; 0.500        ; 19.225     ; 15.340     ;
; 4.064 ; IN_PIN2                 ; spi_slave:inst7|bit_counter[2]  ; IN_PIN2                    ; IN_PIN2     ; 0.500        ; 19.225     ; 15.340     ;
; 4.564 ; IN_PIN2                 ; spi_slave:inst7|miso~en         ; IN_PIN2                    ; IN_PIN2     ; 1.000        ; 19.225     ; 15.340     ;
; 4.564 ; IN_PIN2                 ; spi_slave:inst7|txBuffer[23]    ; IN_PIN2                    ; IN_PIN2     ; 1.000        ; 19.225     ; 15.340     ;
; 4.564 ; IN_PIN2                 ; spi_slave:inst7|bit_counter[24] ; IN_PIN2                    ; IN_PIN2     ; 1.000        ; 19.225     ; 15.340     ;
; 4.564 ; IN_PIN2                 ; spi_slave:inst7|txBuffer[22]    ; IN_PIN2                    ; IN_PIN2     ; 1.000        ; 19.225     ; 15.340     ;
; 4.564 ; IN_PIN2                 ; spi_slave:inst7|txBuffer[21]    ; IN_PIN2                    ; IN_PIN2     ; 1.000        ; 19.225     ; 15.340     ;
; 4.564 ; IN_PIN2                 ; spi_slave:inst7|bit_counter[23] ; IN_PIN2                    ; IN_PIN2     ; 1.000        ; 19.225     ; 15.340     ;
; 4.564 ; IN_PIN2                 ; spi_slave:inst7|txBuffer[20]    ; IN_PIN2                    ; IN_PIN2     ; 1.000        ; 19.225     ; 15.340     ;
; 4.564 ; IN_PIN2                 ; spi_slave:inst7|bit_counter[22] ; IN_PIN2                    ; IN_PIN2     ; 1.000        ; 19.225     ; 15.340     ;
; 4.564 ; IN_PIN2                 ; spi_slave:inst7|txBuffer[19]    ; IN_PIN2                    ; IN_PIN2     ; 1.000        ; 19.225     ; 15.340     ;
; 4.564 ; IN_PIN2                 ; spi_slave:inst7|bit_counter[21] ; IN_PIN2                    ; IN_PIN2     ; 1.000        ; 19.225     ; 15.340     ;
; 4.564 ; IN_PIN2                 ; spi_slave:inst7|txBuffer[18]    ; IN_PIN2                    ; IN_PIN2     ; 1.000        ; 19.225     ; 15.340     ;
; 4.564 ; IN_PIN2                 ; spi_slave:inst7|bit_counter[20] ; IN_PIN2                    ; IN_PIN2     ; 1.000        ; 19.225     ; 15.340     ;
; 4.564 ; IN_PIN2                 ; spi_slave:inst7|txBuffer[17]    ; IN_PIN2                    ; IN_PIN2     ; 1.000        ; 19.225     ; 15.340     ;
; 4.564 ; IN_PIN2                 ; spi_slave:inst7|bit_counter[19] ; IN_PIN2                    ; IN_PIN2     ; 1.000        ; 19.225     ; 15.340     ;
; 4.564 ; IN_PIN2                 ; spi_slave:inst7|txBuffer[16]    ; IN_PIN2                    ; IN_PIN2     ; 1.000        ; 19.225     ; 15.340     ;
; 4.564 ; IN_PIN2                 ; spi_slave:inst7|bit_counter[18] ; IN_PIN2                    ; IN_PIN2     ; 1.000        ; 19.225     ; 15.340     ;
; 4.564 ; IN_PIN2                 ; spi_slave:inst7|txBuffer[15]    ; IN_PIN2                    ; IN_PIN2     ; 1.000        ; 19.225     ; 15.340     ;
; 4.564 ; IN_PIN2                 ; spi_slave:inst7|bit_counter[17] ; IN_PIN2                    ; IN_PIN2     ; 1.000        ; 19.225     ; 15.340     ;
; 4.564 ; IN_PIN2                 ; spi_slave:inst7|txBuffer[14]    ; IN_PIN2                    ; IN_PIN2     ; 1.000        ; 19.225     ; 15.340     ;
; 4.564 ; IN_PIN2                 ; spi_slave:inst7|bit_counter[16] ; IN_PIN2                    ; IN_PIN2     ; 1.000        ; 19.225     ; 15.340     ;
; 4.564 ; IN_PIN2                 ; spi_slave:inst7|txBuffer[13]    ; IN_PIN2                    ; IN_PIN2     ; 1.000        ; 19.225     ; 15.340     ;
; 4.564 ; IN_PIN2                 ; spi_slave:inst7|bit_counter[15] ; IN_PIN2                    ; IN_PIN2     ; 1.000        ; 19.225     ; 15.340     ;
; 4.564 ; IN_PIN2                 ; spi_slave:inst7|txBuffer[12]    ; IN_PIN2                    ; IN_PIN2     ; 1.000        ; 19.225     ; 15.340     ;
; 4.564 ; IN_PIN2                 ; spi_slave:inst7|bit_counter[14] ; IN_PIN2                    ; IN_PIN2     ; 1.000        ; 19.225     ; 15.340     ;
; 4.564 ; IN_PIN2                 ; spi_slave:inst7|txBuffer[11]    ; IN_PIN2                    ; IN_PIN2     ; 1.000        ; 19.225     ; 15.340     ;
; 4.564 ; IN_PIN2                 ; spi_slave:inst7|bit_counter[13] ; IN_PIN2                    ; IN_PIN2     ; 1.000        ; 19.225     ; 15.340     ;
; 4.564 ; IN_PIN2                 ; spi_slave:inst7|txBuffer[10]    ; IN_PIN2                    ; IN_PIN2     ; 1.000        ; 19.225     ; 15.340     ;
; 4.564 ; IN_PIN2                 ; spi_slave:inst7|bit_counter[12] ; IN_PIN2                    ; IN_PIN2     ; 1.000        ; 19.225     ; 15.340     ;
; 4.564 ; IN_PIN2                 ; spi_slave:inst7|txBuffer[9]     ; IN_PIN2                    ; IN_PIN2     ; 1.000        ; 19.225     ; 15.340     ;
; 4.564 ; IN_PIN2                 ; spi_slave:inst7|bit_counter[11] ; IN_PIN2                    ; IN_PIN2     ; 1.000        ; 19.225     ; 15.340     ;
; 4.564 ; IN_PIN2                 ; spi_slave:inst7|txBuffer[8]     ; IN_PIN2                    ; IN_PIN2     ; 1.000        ; 19.225     ; 15.340     ;
; 4.564 ; IN_PIN2                 ; spi_slave:inst7|bit_counter[10] ; IN_PIN2                    ; IN_PIN2     ; 1.000        ; 19.225     ; 15.340     ;
; 4.564 ; IN_PIN2                 ; spi_slave:inst7|txBuffer[7]     ; IN_PIN2                    ; IN_PIN2     ; 1.000        ; 19.225     ; 15.340     ;
; 4.564 ; IN_PIN2                 ; spi_slave:inst7|bit_counter[9]  ; IN_PIN2                    ; IN_PIN2     ; 1.000        ; 19.225     ; 15.340     ;
; 4.564 ; IN_PIN2                 ; spi_slave:inst7|txBuffer[6]     ; IN_PIN2                    ; IN_PIN2     ; 1.000        ; 19.225     ; 15.340     ;
; 4.564 ; IN_PIN2                 ; spi_slave:inst7|bit_counter[8]  ; IN_PIN2                    ; IN_PIN2     ; 1.000        ; 19.225     ; 15.340     ;
; 4.564 ; IN_PIN2                 ; spi_slave:inst7|txBuffer[5]     ; IN_PIN2                    ; IN_PIN2     ; 1.000        ; 19.225     ; 15.340     ;
; 4.564 ; IN_PIN2                 ; spi_slave:inst7|bit_counter[7]  ; IN_PIN2                    ; IN_PIN2     ; 1.000        ; 19.225     ; 15.340     ;
; 4.564 ; IN_PIN2                 ; spi_slave:inst7|bit_counter[6]  ; IN_PIN2                    ; IN_PIN2     ; 1.000        ; 19.225     ; 15.340     ;
; 4.564 ; IN_PIN2                 ; spi_slave:inst7|bit_counter[5]  ; IN_PIN2                    ; IN_PIN2     ; 1.000        ; 19.225     ; 15.340     ;
; 4.564 ; IN_PIN2                 ; spi_slave:inst7|bit_counter[4]  ; IN_PIN2                    ; IN_PIN2     ; 1.000        ; 19.225     ; 15.340     ;
; 4.564 ; IN_PIN2                 ; spi_slave:inst7|bit_counter[3]  ; IN_PIN2                    ; IN_PIN2     ; 1.000        ; 19.225     ; 15.340     ;
; 4.564 ; IN_PIN2                 ; spi_slave:inst7|bit_counter[2]  ; IN_PIN2                    ; IN_PIN2     ; 1.000        ; 19.225     ; 15.340     ;
; 4.613 ; F7_ReadyIII:inst8|READY ; spi_slave:inst7|txBuffer[0]     ; F7_ReadyIII:inst8|CLK_1kHz ; IN_PIN2     ; 0.500        ; 14.346     ; 9.912      ;
+-------+-------------------------+---------------------------------+----------------------------+-------------+--------------+------------+------------+


+--------------------------------------------------------------------------------------------------------------------------------------------------------+
; Removal: 'IN_PIN2'                                                                                                                                     ;
+--------+-------------------------+---------------------------------+----------------------------+-------------+--------------+------------+------------+
; Slack  ; From Node               ; To Node                         ; Launch Clock               ; Latch Clock ; Relationship ; Clock Skew ; Data Delay ;
+--------+-------------------------+---------------------------------+----------------------------+-------------+--------------+------------+------------+
; -3.973 ; F7_ReadyIII:inst8|READY ; spi_slave:inst7|txBuffer[0]     ; F7_ReadyIII:inst8|CLK_1kHz ; IN_PIN2     ; -0.500       ; 14.346     ; 9.912      ;
; -3.924 ; IN_PIN2                 ; spi_slave:inst7|miso~en         ; IN_PIN2                    ; IN_PIN2     ; 0.000        ; 19.225     ; 15.340     ;
; -3.924 ; IN_PIN2                 ; spi_slave:inst7|txBuffer[23]    ; IN_PIN2                    ; IN_PIN2     ; 0.000        ; 19.225     ; 15.340     ;
; -3.924 ; IN_PIN2                 ; spi_slave:inst7|bit_counter[24] ; IN_PIN2                    ; IN_PIN2     ; 0.000        ; 19.225     ; 15.340     ;
; -3.924 ; IN_PIN2                 ; spi_slave:inst7|txBuffer[22]    ; IN_PIN2                    ; IN_PIN2     ; 0.000        ; 19.225     ; 15.340     ;
; -3.924 ; IN_PIN2                 ; spi_slave:inst7|txBuffer[21]    ; IN_PIN2                    ; IN_PIN2     ; 0.000        ; 19.225     ; 15.340     ;
; -3.924 ; IN_PIN2                 ; spi_slave:inst7|bit_counter[23] ; IN_PIN2                    ; IN_PIN2     ; 0.000        ; 19.225     ; 15.340     ;
; -3.924 ; IN_PIN2                 ; spi_slave:inst7|txBuffer[20]    ; IN_PIN2                    ; IN_PIN2     ; 0.000        ; 19.225     ; 15.340     ;
; -3.924 ; IN_PIN2                 ; spi_slave:inst7|bit_counter[22] ; IN_PIN2                    ; IN_PIN2     ; 0.000        ; 19.225     ; 15.340     ;
; -3.924 ; IN_PIN2                 ; spi_slave:inst7|txBuffer[19]    ; IN_PIN2                    ; IN_PIN2     ; 0.000        ; 19.225     ; 15.340     ;
; -3.924 ; IN_PIN2                 ; spi_slave:inst7|bit_counter[21] ; IN_PIN2                    ; IN_PIN2     ; 0.000        ; 19.225     ; 15.340     ;
; -3.924 ; IN_PIN2                 ; spi_slave:inst7|txBuffer[18]    ; IN_PIN2                    ; IN_PIN2     ; 0.000        ; 19.225     ; 15.340     ;
; -3.924 ; IN_PIN2                 ; spi_slave:inst7|bit_counter[20] ; IN_PIN2                    ; IN_PIN2     ; 0.000        ; 19.225     ; 15.340     ;
; -3.924 ; IN_PIN2                 ; spi_slave:inst7|txBuffer[17]    ; IN_PIN2                    ; IN_PIN2     ; 0.000        ; 19.225     ; 15.340     ;
; -3.924 ; IN_PIN2                 ; spi_slave:inst7|bit_counter[19] ; IN_PIN2                    ; IN_PIN2     ; 0.000        ; 19.225     ; 15.340     ;
; -3.924 ; IN_PIN2                 ; spi_slave:inst7|txBuffer[16]    ; IN_PIN2                    ; IN_PIN2     ; 0.000        ; 19.225     ; 15.340     ;
; -3.924 ; IN_PIN2                 ; spi_slave:inst7|bit_counter[18] ; IN_PIN2                    ; IN_PIN2     ; 0.000        ; 19.225     ; 15.340     ;
; -3.924 ; IN_PIN2                 ; spi_slave:inst7|txBuffer[15]    ; IN_PIN2                    ; IN_PIN2     ; 0.000        ; 19.225     ; 15.340     ;
; -3.924 ; IN_PIN2                 ; spi_slave:inst7|bit_counter[17] ; IN_PIN2                    ; IN_PIN2     ; 0.000        ; 19.225     ; 15.340     ;
; -3.924 ; IN_PIN2                 ; spi_slave:inst7|txBuffer[14]    ; IN_PIN2                    ; IN_PIN2     ; 0.000        ; 19.225     ; 15.340     ;
; -3.924 ; IN_PIN2                 ; spi_slave:inst7|bit_counter[16] ; IN_PIN2                    ; IN_PIN2     ; 0.000        ; 19.225     ; 15.340     ;
; -3.924 ; IN_PIN2                 ; spi_slave:inst7|txBuffer[13]    ; IN_PIN2                    ; IN_PIN2     ; 0.000        ; 19.225     ; 15.340     ;
; -3.924 ; IN_PIN2                 ; spi_slave:inst7|bit_counter[15] ; IN_PIN2                    ; IN_PIN2     ; 0.000        ; 19.225     ; 15.340     ;
; -3.924 ; IN_PIN2                 ; spi_slave:inst7|txBuffer[12]    ; IN_PIN2                    ; IN_PIN2     ; 0.000        ; 19.225     ; 15.340     ;
; -3.924 ; IN_PIN2                 ; spi_slave:inst7|bit_counter[14] ; IN_PIN2                    ; IN_PIN2     ; 0.000        ; 19.225     ; 15.340     ;
; -3.924 ; IN_PIN2                 ; spi_slave:inst7|txBuffer[11]    ; IN_PIN2                    ; IN_PIN2     ; 0.000        ; 19.225     ; 15.340     ;
; -3.924 ; IN_PIN2                 ; spi_slave:inst7|bit_counter[13] ; IN_PIN2                    ; IN_PIN2     ; 0.000        ; 19.225     ; 15.340     ;
; -3.924 ; IN_PIN2                 ; spi_slave:inst7|txBuffer[10]    ; IN_PIN2                    ; IN_PIN2     ; 0.000        ; 19.225     ; 15.340     ;
; -3.924 ; IN_PIN2                 ; spi_slave:inst7|bit_counter[12] ; IN_PIN2                    ; IN_PIN2     ; 0.000        ; 19.225     ; 15.340     ;
; -3.924 ; IN_PIN2                 ; spi_slave:inst7|txBuffer[9]     ; IN_PIN2                    ; IN_PIN2     ; 0.000        ; 19.225     ; 15.340     ;
; -3.924 ; IN_PIN2                 ; spi_slave:inst7|bit_counter[11] ; IN_PIN2                    ; IN_PIN2     ; 0.000        ; 19.225     ; 15.340     ;
; -3.924 ; IN_PIN2                 ; spi_slave:inst7|txBuffer[8]     ; IN_PIN2                    ; IN_PIN2     ; 0.000        ; 19.225     ; 15.340     ;
; -3.924 ; IN_PIN2                 ; spi_slave:inst7|bit_counter[10] ; IN_PIN2                    ; IN_PIN2     ; 0.000        ; 19.225     ; 15.340     ;
; -3.924 ; IN_PIN2                 ; spi_slave:inst7|txBuffer[7]     ; IN_PIN2                    ; IN_PIN2     ; 0.000        ; 19.225     ; 15.340     ;
; -3.924 ; IN_PIN2                 ; spi_slave:inst7|bit_counter[9]  ; IN_PIN2                    ; IN_PIN2     ; 0.000        ; 19.225     ; 15.340     ;
; -3.924 ; IN_PIN2                 ; spi_slave:inst7|txBuffer[6]     ; IN_PIN2                    ; IN_PIN2     ; 0.000        ; 19.225     ; 15.340     ;
; -3.924 ; IN_PIN2                 ; spi_slave:inst7|bit_counter[8]  ; IN_PIN2                    ; IN_PIN2     ; 0.000        ; 19.225     ; 15.340     ;
; -3.924 ; IN_PIN2                 ; spi_slave:inst7|txBuffer[5]     ; IN_PIN2                    ; IN_PIN2     ; 0.000        ; 19.225     ; 15.340     ;
; -3.924 ; IN_PIN2                 ; spi_slave:inst7|bit_counter[7]  ; IN_PIN2                    ; IN_PIN2     ; 0.000        ; 19.225     ; 15.340     ;
; -3.924 ; IN_PIN2                 ; spi_slave:inst7|bit_counter[6]  ; IN_PIN2                    ; IN_PIN2     ; 0.000        ; 19.225     ; 15.340     ;
; -3.924 ; IN_PIN2                 ; spi_slave:inst7|bit_counter[5]  ; IN_PIN2                    ; IN_PIN2     ; 0.000        ; 19.225     ; 15.340     ;
; -3.924 ; IN_PIN2                 ; spi_slave:inst7|bit_counter[4]  ; IN_PIN2                    ; IN_PIN2     ; 0.000        ; 19.225     ; 15.340     ;
; -3.924 ; IN_PIN2                 ; spi_slave:inst7|bit_counter[3]  ; IN_PIN2                    ; IN_PIN2     ; 0.000        ; 19.225     ; 15.340     ;
; -3.924 ; IN_PIN2                 ; spi_slave:inst7|bit_counter[2]  ; IN_PIN2                    ; IN_PIN2     ; 0.000        ; 19.225     ; 15.340     ;
; -3.424 ; IN_PIN2                 ; spi_slave:inst7|miso~en         ; IN_PIN2                    ; IN_PIN2     ; -0.500       ; 19.225     ; 15.340     ;
; -3.424 ; IN_PIN2                 ; spi_slave:inst7|txBuffer[23]    ; IN_PIN2                    ; IN_PIN2     ; -0.500       ; 19.225     ; 15.340     ;
; -3.424 ; IN_PIN2                 ; spi_slave:inst7|bit_counter[24] ; IN_PIN2                    ; IN_PIN2     ; -0.500       ; 19.225     ; 15.340     ;
; -3.424 ; IN_PIN2                 ; spi_slave:inst7|txBuffer[22]    ; IN_PIN2                    ; IN_PIN2     ; -0.500       ; 19.225     ; 15.340     ;
; -3.424 ; IN_PIN2                 ; spi_slave:inst7|txBuffer[21]    ; IN_PIN2                    ; IN_PIN2     ; -0.500       ; 19.225     ; 15.340     ;
; -3.424 ; IN_PIN2                 ; spi_slave:inst7|bit_counter[23] ; IN_PIN2                    ; IN_PIN2     ; -0.500       ; 19.225     ; 15.340     ;
; -3.424 ; IN_PIN2                 ; spi_slave:inst7|txBuffer[20]    ; IN_PIN2                    ; IN_PIN2     ; -0.500       ; 19.225     ; 15.340     ;
; -3.424 ; IN_PIN2                 ; spi_slave:inst7|bit_counter[22] ; IN_PIN2                    ; IN_PIN2     ; -0.500       ; 19.225     ; 15.340     ;
; -3.424 ; IN_PIN2                 ; spi_slave:inst7|txBuffer[19]    ; IN_PIN2                    ; IN_PIN2     ; -0.500       ; 19.225     ; 15.340     ;
; -3.424 ; IN_PIN2                 ; spi_slave:inst7|bit_counter[21] ; IN_PIN2                    ; IN_PIN2     ; -0.500       ; 19.225     ; 15.340     ;
; -3.424 ; IN_PIN2                 ; spi_slave:inst7|txBuffer[18]    ; IN_PIN2                    ; IN_PIN2     ; -0.500       ; 19.225     ; 15.340     ;
; -3.424 ; IN_PIN2                 ; spi_slave:inst7|bit_counter[20] ; IN_PIN2                    ; IN_PIN2     ; -0.500       ; 19.225     ; 15.340     ;
; -3.424 ; IN_PIN2                 ; spi_slave:inst7|txBuffer[17]    ; IN_PIN2                    ; IN_PIN2     ; -0.500       ; 19.225     ; 15.340     ;
; -3.424 ; IN_PIN2                 ; spi_slave:inst7|bit_counter[19] ; IN_PIN2                    ; IN_PIN2     ; -0.500       ; 19.225     ; 15.340     ;
; -3.424 ; IN_PIN2                 ; spi_slave:inst7|txBuffer[16]    ; IN_PIN2                    ; IN_PIN2     ; -0.500       ; 19.225     ; 15.340     ;
; -3.424 ; IN_PIN2                 ; spi_slave:inst7|bit_counter[18] ; IN_PIN2                    ; IN_PIN2     ; -0.500       ; 19.225     ; 15.340     ;
; -3.424 ; IN_PIN2                 ; spi_slave:inst7|txBuffer[15]    ; IN_PIN2                    ; IN_PIN2     ; -0.500       ; 19.225     ; 15.340     ;
; -3.424 ; IN_PIN2                 ; spi_slave:inst7|bit_counter[17] ; IN_PIN2                    ; IN_PIN2     ; -0.500       ; 19.225     ; 15.340     ;
; -3.424 ; IN_PIN2                 ; spi_slave:inst7|txBuffer[14]    ; IN_PIN2                    ; IN_PIN2     ; -0.500       ; 19.225     ; 15.340     ;
; -3.424 ; IN_PIN2                 ; spi_slave:inst7|bit_counter[16] ; IN_PIN2                    ; IN_PIN2     ; -0.500       ; 19.225     ; 15.340     ;
; -3.424 ; IN_PIN2                 ; spi_slave:inst7|txBuffer[13]    ; IN_PIN2                    ; IN_PIN2     ; -0.500       ; 19.225     ; 15.340     ;
; -3.424 ; IN_PIN2                 ; spi_slave:inst7|bit_counter[15] ; IN_PIN2                    ; IN_PIN2     ; -0.500       ; 19.225     ; 15.340     ;
; -3.424 ; IN_PIN2                 ; spi_slave:inst7|txBuffer[12]    ; IN_PIN2                    ; IN_PIN2     ; -0.500       ; 19.225     ; 15.340     ;
; -3.424 ; IN_PIN2                 ; spi_slave:inst7|bit_counter[14] ; IN_PIN2                    ; IN_PIN2     ; -0.500       ; 19.225     ; 15.340     ;
; -3.424 ; IN_PIN2                 ; spi_slave:inst7|txBuffer[11]    ; IN_PIN2                    ; IN_PIN2     ; -0.500       ; 19.225     ; 15.340     ;
; -3.424 ; IN_PIN2                 ; spi_slave:inst7|bit_counter[13] ; IN_PIN2                    ; IN_PIN2     ; -0.500       ; 19.225     ; 15.340     ;
; -3.424 ; IN_PIN2                 ; spi_slave:inst7|txBuffer[10]    ; IN_PIN2                    ; IN_PIN2     ; -0.500       ; 19.225     ; 15.340     ;
; -3.424 ; IN_PIN2                 ; spi_slave:inst7|bit_counter[12] ; IN_PIN2                    ; IN_PIN2     ; -0.500       ; 19.225     ; 15.340     ;
; -3.424 ; IN_PIN2                 ; spi_slave:inst7|txBuffer[9]     ; IN_PIN2                    ; IN_PIN2     ; -0.500       ; 19.225     ; 15.340     ;
; -3.424 ; IN_PIN2                 ; spi_slave:inst7|bit_counter[11] ; IN_PIN2                    ; IN_PIN2     ; -0.500       ; 19.225     ; 15.340     ;
; -3.424 ; IN_PIN2                 ; spi_slave:inst7|txBuffer[8]     ; IN_PIN2                    ; IN_PIN2     ; -0.500       ; 19.225     ; 15.340     ;
; -3.424 ; IN_PIN2                 ; spi_slave:inst7|bit_counter[10] ; IN_PIN2                    ; IN_PIN2     ; -0.500       ; 19.225     ; 15.340     ;
; -3.424 ; IN_PIN2                 ; spi_slave:inst7|txBuffer[7]     ; IN_PIN2                    ; IN_PIN2     ; -0.500       ; 19.225     ; 15.340     ;
; -3.424 ; IN_PIN2                 ; spi_slave:inst7|bit_counter[9]  ; IN_PIN2                    ; IN_PIN2     ; -0.500       ; 19.225     ; 15.340     ;
; -3.424 ; IN_PIN2                 ; spi_slave:inst7|txBuffer[6]     ; IN_PIN2                    ; IN_PIN2     ; -0.500       ; 19.225     ; 15.340     ;
; -3.424 ; IN_PIN2                 ; spi_slave:inst7|bit_counter[8]  ; IN_PIN2                    ; IN_PIN2     ; -0.500       ; 19.225     ; 15.340     ;
; -3.424 ; IN_PIN2                 ; spi_slave:inst7|txBuffer[5]     ; IN_PIN2                    ; IN_PIN2     ; -0.500       ; 19.225     ; 15.340     ;
; -3.424 ; IN_PIN2                 ; spi_slave:inst7|bit_counter[7]  ; IN_PIN2                    ; IN_PIN2     ; -0.500       ; 19.225     ; 15.340     ;
; -3.424 ; IN_PIN2                 ; spi_slave:inst7|bit_counter[6]  ; IN_PIN2                    ; IN_PIN2     ; -0.500       ; 19.225     ; 15.340     ;
; -3.424 ; IN_PIN2                 ; spi_slave:inst7|bit_counter[5]  ; IN_PIN2                    ; IN_PIN2     ; -0.500       ; 19.225     ; 15.340     ;
; -3.424 ; IN_PIN2                 ; spi_slave:inst7|bit_counter[4]  ; IN_PIN2                    ; IN_PIN2     ; -0.500       ; 19.225     ; 15.340     ;
; -3.424 ; IN_PIN2                 ; spi_slave:inst7|bit_counter[3]  ; IN_PIN2                    ; IN_PIN2     ; -0.500       ; 19.225     ; 15.340     ;
; -3.424 ; IN_PIN2                 ; spi_slave:inst7|bit_counter[2]  ; IN_PIN2                    ; IN_PIN2     ; -0.500       ; 19.225     ; 15.340     ;
; -0.821 ; IN_PIN2                 ; spi_slave:inst7|txBuffer[4]     ; IN_PIN2                    ; IN_PIN2     ; 0.000        ; 19.225     ; 18.443     ;
; -0.821 ; IN_PIN2                 ; spi_slave:inst7|txBuffer[3]     ; IN_PIN2                    ; IN_PIN2     ; 0.000        ; 19.225     ; 18.443     ;
; -0.821 ; IN_PIN2                 ; spi_slave:inst7|txBuffer[2]     ; IN_PIN2                    ; IN_PIN2     ; 0.000        ; 19.225     ; 18.443     ;
; -0.821 ; IN_PIN2                 ; spi_slave:inst7|txBuffer[1]     ; IN_PIN2                    ; IN_PIN2     ; 0.000        ; 19.225     ; 18.443     ;
; -0.821 ; IN_PIN2                 ; spi_slave:inst7|txBuffer[0]     ; IN_PIN2                    ; IN_PIN2     ; 0.000        ; 19.225     ; 18.443     ;
; -0.321 ; IN_PIN2                 ; spi_slave:inst7|txBuffer[4]     ; IN_PIN2                    ; IN_PIN2     ; -0.500       ; 19.225     ; 18.443     ;
; -0.321 ; IN_PIN2                 ; spi_slave:inst7|txBuffer[3]     ; IN_PIN2                    ; IN_PIN2     ; -0.500       ; 19.225     ; 18.443     ;
; -0.321 ; IN_PIN2                 ; spi_slave:inst7|txBuffer[2]     ; IN_PIN2                    ; IN_PIN2     ; -0.500       ; 19.225     ; 18.443     ;
; -0.321 ; IN_PIN2                 ; spi_slave:inst7|txBuffer[1]     ; IN_PIN2                    ; IN_PIN2     ; -0.500       ; 19.225     ; 18.443     ;
; -0.321 ; IN_PIN2                 ; spi_slave:inst7|txBuffer[0]     ; IN_PIN2                    ; IN_PIN2     ; -0.500       ; 19.225     ; 18.443     ;
+--------+-------------------------+---------------------------------+----------------------------+-------------+--------------+------------+------------+


+-----------------------------------------------------------------------------------------------------------------------------------------------------------------------+
; Removal: 'F0_CE_CLOCKS:inst12|MCLKDV8'                                                                                                                                ;
+--------+-----------------------------------+------------------------------------+--------------+-----------------------------+--------------+------------+------------+
; Slack  ; From Node                         ; To Node                            ; Launch Clock ; Latch Clock                 ; Relationship ; Clock Skew ; Data Delay ;
+--------+-----------------------------------+------------------------------------+--------------+-----------------------------+--------------+------------+------------+
; 4.802  ; F1_ReadADCFullSpeed:inst1|CLKFSd2 ; F15_Par2I2S_2S4P:inst16|Lshift[16] ; CLKIN_xN     ; F0_CE_CLOCKS:inst12|MCLKDV8 ; -0.500       ; 0.553      ; 4.894      ;
; 4.802  ; F1_ReadADCFullSpeed:inst1|CLKFSd2 ; F15_Par2I2S_2S4P:inst16|Lshift[18] ; CLKIN_xN     ; F0_CE_CLOCKS:inst12|MCLKDV8 ; -0.500       ; 0.553      ; 4.894      ;
; 4.802  ; F1_ReadADCFullSpeed:inst1|CLKFSd2 ; F15_Par2I2S_2S4P:inst16|Rshift[21] ; CLKIN_xN     ; F0_CE_CLOCKS:inst12|MCLKDV8 ; -0.500       ; 0.553      ; 4.894      ;
; 4.802  ; F1_ReadADCFullSpeed:inst1|CLKFSd2 ; F15_Par2I2S_2S4P:inst16|Lshift[6]  ; CLKIN_xN     ; F0_CE_CLOCKS:inst12|MCLKDV8 ; -0.500       ; 0.553      ; 4.894      ;
; 4.802  ; F1_ReadADCFullSpeed:inst1|CLKFSd2 ; F15_Par2I2S_2S4P:inst16|Lshift[22] ; CLKIN_xN     ; F0_CE_CLOCKS:inst12|MCLKDV8 ; -0.500       ; 0.553      ; 4.894      ;
; 4.802  ; F1_ReadADCFullSpeed:inst1|CLKFSd2 ; F15_Par2I2S_2S4P:inst16|Lshift[12] ; CLKIN_xN     ; F0_CE_CLOCKS:inst12|MCLKDV8 ; -0.500       ; 0.553      ; 4.894      ;
; 4.802  ; F1_ReadADCFullSpeed:inst1|CLKFSd2 ; F15_Par2I2S_2S4P:inst16|Rshift[17] ; CLKIN_xN     ; F0_CE_CLOCKS:inst12|MCLKDV8 ; -0.500       ; 0.553      ; 4.894      ;
; 4.802  ; F1_ReadADCFullSpeed:inst1|CLKFSd2 ; F15_Par2I2S_2S4P:inst16|Lshift[20] ; CLKIN_xN     ; F0_CE_CLOCKS:inst12|MCLKDV8 ; -0.500       ; 0.553      ; 4.894      ;
; 5.912  ; F1_ReadADCFullSpeed:inst1|CLKFSd2 ; F15_Par2I2S_2S4P:inst16|Lshift[19] ; CLKIN_xN     ; F0_CE_CLOCKS:inst12|MCLKDV8 ; -0.500       ; 0.553      ; 6.004      ;
; 5.912  ; F1_ReadADCFullSpeed:inst1|CLKFSd2 ; F15_Par2I2S_2S4P:inst16|Lshift[9]  ; CLKIN_xN     ; F0_CE_CLOCKS:inst12|MCLKDV8 ; -0.500       ; 0.553      ; 6.004      ;
; 5.912  ; F1_ReadADCFullSpeed:inst1|CLKFSd2 ; F15_Par2I2S_2S4P:inst16|Lshift[11] ; CLKIN_xN     ; F0_CE_CLOCKS:inst12|MCLKDV8 ; -0.500       ; 0.553      ; 6.004      ;
; 5.912  ; F1_ReadADCFullSpeed:inst1|CLKFSd2 ; F15_Par2I2S_2S4P:inst16|Lshift[7]  ; CLKIN_xN     ; F0_CE_CLOCKS:inst12|MCLKDV8 ; -0.500       ; 0.553      ; 6.004      ;
; 5.912  ; F1_ReadADCFullSpeed:inst1|CLKFSd2 ; F15_Par2I2S_2S4P:inst16|Rshift[14] ; CLKIN_xN     ; F0_CE_CLOCKS:inst12|MCLKDV8 ; -0.500       ; 0.553      ; 6.004      ;
; 5.912  ; F1_ReadADCFullSpeed:inst1|CLKFSd2 ; F15_Par2I2S_2S4P:inst16|Lshift[15] ; CLKIN_xN     ; F0_CE_CLOCKS:inst12|MCLKDV8 ; -0.500       ; 0.553      ; 6.004      ;
; 5.912  ; F1_ReadADCFullSpeed:inst1|CLKFSd2 ; F15_Par2I2S_2S4P:inst16|Lshift[17] ; CLKIN_xN     ; F0_CE_CLOCKS:inst12|MCLKDV8 ; -0.500       ; 0.553      ; 6.004      ;
; 5.912  ; F1_ReadADCFullSpeed:inst1|CLKFSd2 ; F15_Par2I2S_2S4P:inst16|Rshift[22] ; CLKIN_xN     ; F0_CE_CLOCKS:inst12|MCLKDV8 ; -0.500       ; 0.553      ; 6.004      ;
; 5.912  ; F1_ReadADCFullSpeed:inst1|CLKFSd2 ; F15_Par2I2S_2S4P:inst16|Lshift[23] ; CLKIN_xN     ; F0_CE_CLOCKS:inst12|MCLKDV8 ; -0.500       ; 0.553      ; 6.004      ;
; 7.348  ; MASTER_LRCK                       ; F15_Par2I2S_2S4P:inst16|Lshift[16] ; MASTER_LRCK  ; F0_CE_CLOCKS:inst12|MCLKDV8 ; 0.000        ; 5.276      ; 12.663     ;
; 7.348  ; MASTER_LRCK                       ; F15_Par2I2S_2S4P:inst16|Lshift[18] ; MASTER_LRCK  ; F0_CE_CLOCKS:inst12|MCLKDV8 ; 0.000        ; 5.276      ; 12.663     ;
; 7.348  ; MASTER_LRCK                       ; F15_Par2I2S_2S4P:inst16|Rshift[21] ; MASTER_LRCK  ; F0_CE_CLOCKS:inst12|MCLKDV8 ; 0.000        ; 5.276      ; 12.663     ;
; 7.348  ; MASTER_LRCK                       ; F15_Par2I2S_2S4P:inst16|Lshift[6]  ; MASTER_LRCK  ; F0_CE_CLOCKS:inst12|MCLKDV8 ; 0.000        ; 5.276      ; 12.663     ;
; 7.348  ; MASTER_LRCK                       ; F15_Par2I2S_2S4P:inst16|Lshift[22] ; MASTER_LRCK  ; F0_CE_CLOCKS:inst12|MCLKDV8 ; 0.000        ; 5.276      ; 12.663     ;
; 7.348  ; MASTER_LRCK                       ; F15_Par2I2S_2S4P:inst16|Lshift[12] ; MASTER_LRCK  ; F0_CE_CLOCKS:inst12|MCLKDV8 ; 0.000        ; 5.276      ; 12.663     ;
; 7.348  ; MASTER_LRCK                       ; F15_Par2I2S_2S4P:inst16|Rshift[17] ; MASTER_LRCK  ; F0_CE_CLOCKS:inst12|MCLKDV8 ; 0.000        ; 5.276      ; 12.663     ;
; 7.348  ; MASTER_LRCK                       ; F15_Par2I2S_2S4P:inst16|Lshift[20] ; MASTER_LRCK  ; F0_CE_CLOCKS:inst12|MCLKDV8 ; 0.000        ; 5.276      ; 12.663     ;
; 7.848  ; MASTER_LRCK                       ; F15_Par2I2S_2S4P:inst16|Lshift[16] ; MASTER_LRCK  ; F0_CE_CLOCKS:inst12|MCLKDV8 ; -0.500       ; 5.276      ; 12.663     ;
; 7.848  ; MASTER_LRCK                       ; F15_Par2I2S_2S4P:inst16|Lshift[18] ; MASTER_LRCK  ; F0_CE_CLOCKS:inst12|MCLKDV8 ; -0.500       ; 5.276      ; 12.663     ;
; 7.848  ; MASTER_LRCK                       ; F15_Par2I2S_2S4P:inst16|Rshift[21] ; MASTER_LRCK  ; F0_CE_CLOCKS:inst12|MCLKDV8 ; -0.500       ; 5.276      ; 12.663     ;
; 7.848  ; MASTER_LRCK                       ; F15_Par2I2S_2S4P:inst16|Lshift[6]  ; MASTER_LRCK  ; F0_CE_CLOCKS:inst12|MCLKDV8 ; -0.500       ; 5.276      ; 12.663     ;
; 7.848  ; MASTER_LRCK                       ; F15_Par2I2S_2S4P:inst16|Lshift[22] ; MASTER_LRCK  ; F0_CE_CLOCKS:inst12|MCLKDV8 ; -0.500       ; 5.276      ; 12.663     ;
; 7.848  ; MASTER_LRCK                       ; F15_Par2I2S_2S4P:inst16|Lshift[12] ; MASTER_LRCK  ; F0_CE_CLOCKS:inst12|MCLKDV8 ; -0.500       ; 5.276      ; 12.663     ;
; 7.848  ; MASTER_LRCK                       ; F15_Par2I2S_2S4P:inst16|Rshift[17] ; MASTER_LRCK  ; F0_CE_CLOCKS:inst12|MCLKDV8 ; -0.500       ; 5.276      ; 12.663     ;
; 7.848  ; MASTER_LRCK                       ; F15_Par2I2S_2S4P:inst16|Lshift[20] ; MASTER_LRCK  ; F0_CE_CLOCKS:inst12|MCLKDV8 ; -0.500       ; 5.276      ; 12.663     ;
; 8.296  ; F1_ReadADCFullSpeed:inst1|CLKFSd2 ; F15_Par2I2S_2S4P:inst16|Lshift[21] ; CLKIN_xN     ; F0_CE_CLOCKS:inst12|MCLKDV8 ; -0.500       ; 0.553      ; 8.388      ;
; 8.458  ; MASTER_LRCK                       ; F15_Par2I2S_2S4P:inst16|Lshift[19] ; MASTER_LRCK  ; F0_CE_CLOCKS:inst12|MCLKDV8 ; 0.000        ; 5.276      ; 13.773     ;
; 8.458  ; MASTER_LRCK                       ; F15_Par2I2S_2S4P:inst16|Lshift[9]  ; MASTER_LRCK  ; F0_CE_CLOCKS:inst12|MCLKDV8 ; 0.000        ; 5.276      ; 13.773     ;
; 8.458  ; MASTER_LRCK                       ; F15_Par2I2S_2S4P:inst16|Lshift[11] ; MASTER_LRCK  ; F0_CE_CLOCKS:inst12|MCLKDV8 ; 0.000        ; 5.276      ; 13.773     ;
; 8.458  ; MASTER_LRCK                       ; F15_Par2I2S_2S4P:inst16|Lshift[7]  ; MASTER_LRCK  ; F0_CE_CLOCKS:inst12|MCLKDV8 ; 0.000        ; 5.276      ; 13.773     ;
; 8.458  ; MASTER_LRCK                       ; F15_Par2I2S_2S4P:inst16|Rshift[14] ; MASTER_LRCK  ; F0_CE_CLOCKS:inst12|MCLKDV8 ; 0.000        ; 5.276      ; 13.773     ;
; 8.458  ; MASTER_LRCK                       ; F15_Par2I2S_2S4P:inst16|Lshift[15] ; MASTER_LRCK  ; F0_CE_CLOCKS:inst12|MCLKDV8 ; 0.000        ; 5.276      ; 13.773     ;
; 8.458  ; MASTER_LRCK                       ; F15_Par2I2S_2S4P:inst16|Lshift[17] ; MASTER_LRCK  ; F0_CE_CLOCKS:inst12|MCLKDV8 ; 0.000        ; 5.276      ; 13.773     ;
; 8.458  ; MASTER_LRCK                       ; F15_Par2I2S_2S4P:inst16|Rshift[22] ; MASTER_LRCK  ; F0_CE_CLOCKS:inst12|MCLKDV8 ; 0.000        ; 5.276      ; 13.773     ;
; 8.458  ; MASTER_LRCK                       ; F15_Par2I2S_2S4P:inst16|Lshift[23] ; MASTER_LRCK  ; F0_CE_CLOCKS:inst12|MCLKDV8 ; 0.000        ; 5.276      ; 13.773     ;
; 8.958  ; MASTER_LRCK                       ; F15_Par2I2S_2S4P:inst16|Lshift[19] ; MASTER_LRCK  ; F0_CE_CLOCKS:inst12|MCLKDV8 ; -0.500       ; 5.276      ; 13.773     ;
; 8.958  ; MASTER_LRCK                       ; F15_Par2I2S_2S4P:inst16|Lshift[9]  ; MASTER_LRCK  ; F0_CE_CLOCKS:inst12|MCLKDV8 ; -0.500       ; 5.276      ; 13.773     ;
; 8.958  ; MASTER_LRCK                       ; F15_Par2I2S_2S4P:inst16|Lshift[11] ; MASTER_LRCK  ; F0_CE_CLOCKS:inst12|MCLKDV8 ; -0.500       ; 5.276      ; 13.773     ;
; 8.958  ; MASTER_LRCK                       ; F15_Par2I2S_2S4P:inst16|Lshift[7]  ; MASTER_LRCK  ; F0_CE_CLOCKS:inst12|MCLKDV8 ; -0.500       ; 5.276      ; 13.773     ;
; 8.958  ; MASTER_LRCK                       ; F15_Par2I2S_2S4P:inst16|Rshift[14] ; MASTER_LRCK  ; F0_CE_CLOCKS:inst12|MCLKDV8 ; -0.500       ; 5.276      ; 13.773     ;
; 8.958  ; MASTER_LRCK                       ; F15_Par2I2S_2S4P:inst16|Lshift[15] ; MASTER_LRCK  ; F0_CE_CLOCKS:inst12|MCLKDV8 ; -0.500       ; 5.276      ; 13.773     ;
; 8.958  ; MASTER_LRCK                       ; F15_Par2I2S_2S4P:inst16|Lshift[17] ; MASTER_LRCK  ; F0_CE_CLOCKS:inst12|MCLKDV8 ; -0.500       ; 5.276      ; 13.773     ;
; 8.958  ; MASTER_LRCK                       ; F15_Par2I2S_2S4P:inst16|Rshift[22] ; MASTER_LRCK  ; F0_CE_CLOCKS:inst12|MCLKDV8 ; -0.500       ; 5.276      ; 13.773     ;
; 8.958  ; MASTER_LRCK                       ; F15_Par2I2S_2S4P:inst16|Lshift[23] ; MASTER_LRCK  ; F0_CE_CLOCKS:inst12|MCLKDV8 ; -0.500       ; 5.276      ; 13.773     ;
; 9.408  ; F1_ReadADCFullSpeed:inst1|CLKFSd2 ; F15_Par2I2S_2S4P:inst16|Lshift[14] ; CLKIN_xN     ; F0_CE_CLOCKS:inst12|MCLKDV8 ; -0.500       ; 0.553      ; 9.500      ;
; 9.408  ; F1_ReadADCFullSpeed:inst1|CLKFSd2 ; F15_Par2I2S_2S4P:inst16|Rshift[11] ; CLKIN_xN     ; F0_CE_CLOCKS:inst12|MCLKDV8 ; -0.500       ; 0.553      ; 9.500      ;
; 9.408  ; F1_ReadADCFullSpeed:inst1|CLKFSd2 ; F15_Par2I2S_2S4P:inst16|Rshift[23] ; CLKIN_xN     ; F0_CE_CLOCKS:inst12|MCLKDV8 ; -0.500       ; 0.553      ; 9.500      ;
; 9.408  ; F1_ReadADCFullSpeed:inst1|CLKFSd2 ; F15_Par2I2S_2S4P:inst16|Rshift[16] ; CLKIN_xN     ; F0_CE_CLOCKS:inst12|MCLKDV8 ; -0.500       ; 0.553      ; 9.500      ;
; 9.408  ; F1_ReadADCFullSpeed:inst1|CLKFSd2 ; F15_Par2I2S_2S4P:inst16|Rshift[15] ; CLKIN_xN     ; F0_CE_CLOCKS:inst12|MCLKDV8 ; -0.500       ; 0.553      ; 9.500      ;
; 9.408  ; F1_ReadADCFullSpeed:inst1|CLKFSd2 ; F15_Par2I2S_2S4P:inst16|Rshift[19] ; CLKIN_xN     ; F0_CE_CLOCKS:inst12|MCLKDV8 ; -0.500       ; 0.553      ; 9.500      ;
; 9.408  ; F1_ReadADCFullSpeed:inst1|CLKFSd2 ; F15_Par2I2S_2S4P:inst16|Rshift[20] ; CLKIN_xN     ; F0_CE_CLOCKS:inst12|MCLKDV8 ; -0.500       ; 0.553      ; 9.500      ;
; 10.842 ; MASTER_LRCK                       ; F15_Par2I2S_2S4P:inst16|Lshift[21] ; MASTER_LRCK  ; F0_CE_CLOCKS:inst12|MCLKDV8 ; 0.000        ; 5.276      ; 16.157     ;
; 11.342 ; MASTER_LRCK                       ; F15_Par2I2S_2S4P:inst16|Lshift[21] ; MASTER_LRCK  ; F0_CE_CLOCKS:inst12|MCLKDV8 ; -0.500       ; 5.276      ; 16.157     ;
; 11.954 ; MASTER_LRCK                       ; F15_Par2I2S_2S4P:inst16|Lshift[14] ; MASTER_LRCK  ; F0_CE_CLOCKS:inst12|MCLKDV8 ; 0.000        ; 5.276      ; 17.269     ;
; 11.954 ; MASTER_LRCK                       ; F15_Par2I2S_2S4P:inst16|Rshift[11] ; MASTER_LRCK  ; F0_CE_CLOCKS:inst12|MCLKDV8 ; 0.000        ; 5.276      ; 17.269     ;
; 11.954 ; MASTER_LRCK                       ; F15_Par2I2S_2S4P:inst16|Rshift[23] ; MASTER_LRCK  ; F0_CE_CLOCKS:inst12|MCLKDV8 ; 0.000        ; 5.276      ; 17.269     ;
; 11.954 ; MASTER_LRCK                       ; F15_Par2I2S_2S4P:inst16|Rshift[16] ; MASTER_LRCK  ; F0_CE_CLOCKS:inst12|MCLKDV8 ; 0.000        ; 5.276      ; 17.269     ;
; 11.954 ; MASTER_LRCK                       ; F15_Par2I2S_2S4P:inst16|Rshift[15] ; MASTER_LRCK  ; F0_CE_CLOCKS:inst12|MCLKDV8 ; 0.000        ; 5.276      ; 17.269     ;
; 11.954 ; MASTER_LRCK                       ; F15_Par2I2S_2S4P:inst16|Rshift[19] ; MASTER_LRCK  ; F0_CE_CLOCKS:inst12|MCLKDV8 ; 0.000        ; 5.276      ; 17.269     ;
; 11.954 ; MASTER_LRCK                       ; F15_Par2I2S_2S4P:inst16|Rshift[20] ; MASTER_LRCK  ; F0_CE_CLOCKS:inst12|MCLKDV8 ; 0.000        ; 5.276      ; 17.269     ;
; 12.454 ; MASTER_LRCK                       ; F15_Par2I2S_2S4P:inst16|Lshift[14] ; MASTER_LRCK  ; F0_CE_CLOCKS:inst12|MCLKDV8 ; -0.500       ; 5.276      ; 17.269     ;
; 12.454 ; MASTER_LRCK                       ; F15_Par2I2S_2S4P:inst16|Rshift[11] ; MASTER_LRCK  ; F0_CE_CLOCKS:inst12|MCLKDV8 ; -0.500       ; 5.276      ; 17.269     ;
; 12.454 ; MASTER_LRCK                       ; F15_Par2I2S_2S4P:inst16|Rshift[23] ; MASTER_LRCK  ; F0_CE_CLOCKS:inst12|MCLKDV8 ; -0.500       ; 5.276      ; 17.269     ;
; 12.454 ; MASTER_LRCK                       ; F15_Par2I2S_2S4P:inst16|Rshift[16] ; MASTER_LRCK  ; F0_CE_CLOCKS:inst12|MCLKDV8 ; -0.500       ; 5.276      ; 17.269     ;
; 12.454 ; MASTER_LRCK                       ; F15_Par2I2S_2S4P:inst16|Rshift[15] ; MASTER_LRCK  ; F0_CE_CLOCKS:inst12|MCLKDV8 ; -0.500       ; 5.276      ; 17.269     ;
; 12.454 ; MASTER_LRCK                       ; F15_Par2I2S_2S4P:inst16|Rshift[19] ; MASTER_LRCK  ; F0_CE_CLOCKS:inst12|MCLKDV8 ; -0.500       ; 5.276      ; 17.269     ;
; 12.454 ; MASTER_LRCK                       ; F15_Par2I2S_2S4P:inst16|Rshift[20] ; MASTER_LRCK  ; F0_CE_CLOCKS:inst12|MCLKDV8 ; -0.500       ; 5.276      ; 17.269     ;
+--------+-----------------------------------+------------------------------------+--------------+-----------------------------+--------------+------------+------------+


+-----------------------------------------------------------------------------------------------------------+
; Setup Transfers                                                                                           ;
+-------------------------------+-------------------------------+----------+----------+----------+----------+
; From Clock                    ; To Clock                      ; RR Paths ; FR Paths ; RF Paths ; FF Paths ;
+-------------------------------+-------------------------------+----------+----------+----------+----------+
; CLKIN_xN                      ; CLKIN_xN                      ; 115      ; 0        ; 1        ; 0        ;
; MASTER_LRCK                   ; CLKIN_xN                      ; 2        ; 2        ; 0        ; 0        ;
; F0_CE_CLOCKS:inst12|MCLKDV8   ; F0_CE_CLOCKS:inst12|MCLKDV8   ; 0        ; 0        ; 0        ; 24       ;
; F0_CE_CLOCKS:inst12|MCLKDV64  ; F0_CE_CLOCKS:inst12|MCLKDV64  ; 125      ; 0        ; 0        ; 0        ;
; F7_ReadyIII:inst8|CLK_1kHz    ; F0_CE_CLOCKS:inst12|MCLKDV64  ; 1        ; 1        ; 0        ; 0        ;
; F7_ReadyIII:inst8|CLK_1kHz    ; F7_ReadyIII:inst8|CLK_1kHz    ; 0        ; 0        ; 0        ; 147      ;
; IN_PIN2                       ; IN_PIN2                       ; 72       ; 0        ; 0        ; 50       ;
; LUT_counter128P:inst11|LUTclk ; LUT_counter128P:inst11|LUTclk ; 46       ; 0        ; 0        ; 0        ;
; MASTER_LRCK                   ; MASTER_LRCK                   ; 15       ; 0        ; 0        ; 0        ;
; IN_PIN2                       ; spi_slave:inst7|rx[0]         ; 0        ; 0        ; 0        ; 4        ;
; MASTER_LRCK                   ; spi_slave:inst7|rx[0]         ; 0        ; 0        ; 7        ; 1        ;
; spi_slave:inst7|rx[0]         ; spi_slave:inst7|rx[0]         ; 0        ; 0        ; 2        ; 2        ;
+-------------------------------+-------------------------------+----------+----------+----------+----------+
Entries labeled "false path" only account for clock-to-clock false paths and not path-based false paths. As a result, actual path counts may be lower than reported.


+-----------------------------------------------------------------------------------------------------------+
; Hold Transfers                                                                                            ;
+-------------------------------+-------------------------------+----------+----------+----------+----------+
; From Clock                    ; To Clock                      ; RR Paths ; FR Paths ; RF Paths ; FF Paths ;
+-------------------------------+-------------------------------+----------+----------+----------+----------+
; CLKIN_xN                      ; CLKIN_xN                      ; 115      ; 0        ; 1        ; 0        ;
; MASTER_LRCK                   ; CLKIN_xN                      ; 2        ; 2        ; 0        ; 0        ;
; F0_CE_CLOCKS:inst12|MCLKDV8   ; F0_CE_CLOCKS:inst12|MCLKDV8   ; 0        ; 0        ; 0        ; 24       ;
; F0_CE_CLOCKS:inst12|MCLKDV64  ; F0_CE_CLOCKS:inst12|MCLKDV64  ; 125      ; 0        ; 0        ; 0        ;
; F7_ReadyIII:inst8|CLK_1kHz    ; F0_CE_CLOCKS:inst12|MCLKDV64  ; 1        ; 1        ; 0        ; 0        ;
; F7_ReadyIII:inst8|CLK_1kHz    ; F7_ReadyIII:inst8|CLK_1kHz    ; 0        ; 0        ; 0        ; 147      ;
; IN_PIN2                       ; IN_PIN2                       ; 72       ; 0        ; 0        ; 50       ;
; LUT_counter128P:inst11|LUTclk ; LUT_counter128P:inst11|LUTclk ; 46       ; 0        ; 0        ; 0        ;
; MASTER_LRCK                   ; MASTER_LRCK                   ; 15       ; 0        ; 0        ; 0        ;
; IN_PIN2                       ; spi_slave:inst7|rx[0]         ; 0        ; 0        ; 0        ; 4        ;
; MASTER_LRCK                   ; spi_slave:inst7|rx[0]         ; 0        ; 0        ; 7        ; 1        ;
; spi_slave:inst7|rx[0]         ; spi_slave:inst7|rx[0]         ; 0        ; 0        ; 2        ; 2        ;
+-------------------------------+-------------------------------+----------+----------+----------+----------+
Entries labeled "false path" only account for clock-to-clock false paths and not path-based false paths. As a result, actual path counts may be lower than reported.


+------------------------------------------------------------------------------------------------------+
; Recovery Transfers                                                                                   ;
+----------------------------+-----------------------------+----------+----------+----------+----------+
; From Clock                 ; To Clock                    ; RR Paths ; FR Paths ; RF Paths ; FF Paths ;
+----------------------------+-----------------------------+----------+----------+----------+----------+
; CLKIN_xN                   ; F0_CE_CLOCKS:inst12|MCLKDV8 ; 0        ; 0        ; 25       ; 0        ;
; MASTER_LRCK                ; F0_CE_CLOCKS:inst12|MCLKDV8 ; 0        ; 0        ; 25       ; 25       ;
; F7_ReadyIII:inst8|CLK_1kHz ; IN_PIN2                     ; 0        ; 1        ; 0        ; 0        ;
; IN_PIN2                    ; IN_PIN2                     ; 48       ; 48       ; 0        ; 0        ;
+----------------------------+-----------------------------+----------+----------+----------+----------+
Entries labeled "false path" only account for clock-to-clock false paths and not path-based false paths. As a result, actual path counts may be lower than reported.


+------------------------------------------------------------------------------------------------------+
; Removal Transfers                                                                                    ;
+----------------------------+-----------------------------+----------+----------+----------+----------+
; From Clock                 ; To Clock                    ; RR Paths ; FR Paths ; RF Paths ; FF Paths ;
+----------------------------+-----------------------------+----------+----------+----------+----------+
; CLKIN_xN                   ; F0_CE_CLOCKS:inst12|MCLKDV8 ; 0        ; 0        ; 25       ; 0        ;
; MASTER_LRCK                ; F0_CE_CLOCKS:inst12|MCLKDV8 ; 0        ; 0        ; 25       ; 25       ;
; F7_ReadyIII:inst8|CLK_1kHz ; IN_PIN2                     ; 0        ; 1        ; 0        ; 0        ;
; IN_PIN2                    ; IN_PIN2                     ; 48       ; 48       ; 0        ; 0        ;
+----------------------------+-----------------------------+----------+----------+----------+----------+
Entries labeled "false path" only account for clock-to-clock false paths and not path-based false paths. As a result, actual path counts may be lower than reported.


---------------
; Report TCCS ;
---------------
No dedicated SERDES Transmitter circuitry present in device or used in design


---------------
; Report RSKM ;
---------------
No non-DPA dedicated SERDES Receiver circuitry present in device or used in design


+------------------------------------------------+
; Unconstrained Paths Summary                    ;
+---------------------------------+-------+------+
; Property                        ; Setup ; Hold ;
+---------------------------------+-------+------+
; Illegal Clocks                  ; 0     ; 0    ;
; Unconstrained Clocks            ; 0     ; 0    ;
; Unconstrained Input Ports       ; 11    ; 11   ;
; Unconstrained Input Port Paths  ; 26    ; 26   ;
; Unconstrained Output Ports      ; 37    ; 37   ;
; Unconstrained Output Port Paths ; 44    ; 44   ;
+---------------------------------+-------+------+


+------------------------------------------------------------------------------------+
; Clock Status Summary                                                               ;
+-------------------------------+-------------------------------+------+-------------+
; Target                        ; Clock                         ; Type ; Status      ;
+-------------------------------+-------------------------------+------+-------------+
; CLKIN_xN                      ; CLKIN_xN                      ; Base ; Constrained ;
; F0_CE_CLOCKS:inst12|MCLKDV8   ; F0_CE_CLOCKS:inst12|MCLKDV8   ; Base ; Constrained ;
; F0_CE_CLOCKS:inst12|MCLKDV64  ; F0_CE_CLOCKS:inst12|MCLKDV64  ; Base ; Constrained ;
; F7_ReadyIII:inst8|CLK_1kHz    ; F7_ReadyIII:inst8|CLK_1kHz    ; Base ; Constrained ;
; IN_PIN2                       ; IN_PIN2                       ; Base ; Constrained ;
; LUT_counter128P:inst11|LUTclk ; LUT_counter128P:inst11|LUTclk ; Base ; Constrained ;
; MASTER_LRCK                   ; MASTER_LRCK                   ; Base ; Constrained ;
; spi_slave:inst7|rx[0]         ; spi_slave:inst7|rx[0]         ; Base ; Constrained ;
+-------------------------------+-------------------------------+------+-------------+


+----------------------------------------------------------------------------------------------------+
; Unconstrained Input Ports                                                                          ;
+-------------+--------------------------------------------------------------------------------------+
; Input Port  ; Comment                                                                              ;
+-------------+--------------------------------------------------------------------------------------+
; ADCL_BUSY   ; No input delay, min/max delays, false-path exceptions, or max skew assignments found ;
; ADCR_BUSY   ; No input delay, min/max delays, false-path exceptions, or max skew assignments found ;
; CLKIN_xN    ; No input delay, min/max delays, false-path exceptions, or max skew assignments found ;
; CONF[0]     ; No input delay, min/max delays, false-path exceptions, or max skew assignments found ;
; CONF[1]     ; No input delay, min/max delays, false-path exceptions, or max skew assignments found ;
; CONF[2]     ; No input delay, min/max delays, false-path exceptions, or max skew assignments found ;
; CONF[3]     ; No input delay, min/max delays, false-path exceptions, or max skew assignments found ;
; IN_PIN0     ; No input delay, min/max delays, false-path exceptions, or max skew assignments found ;
; IN_PIN1     ; No input delay, min/max delays, false-path exceptions, or max skew assignments found ;
; IN_PIN2     ; No input delay, min/max delays, false-path exceptions, or max skew assignments found ;
; MASTER_LRCK ; No input delay, min/max delays, false-path exceptions, or max skew assignments found ;
+-------------+--------------------------------------------------------------------------------------+


+--------------------------------------------------------------------------------------------------------+
; Unconstrained Output Ports                                                                             ;
+----------------+---------------------------------------------------------------------------------------+
; Output Port    ; Comment                                                                               ;
+----------------+---------------------------------------------------------------------------------------+
; ADCL_CNV       ; No output delay, min/max delays, false-path exceptions, or max skew assignments found ;
; ADCL_SCK       ; No output delay, min/max delays, false-path exceptions, or max skew assignments found ;
; ADCR_CNV       ; No output delay, min/max delays, false-path exceptions, or max skew assignments found ;
; ADCR_SCK       ; No output delay, min/max delays, false-path exceptions, or max skew assignments found ;
; FILTER_CH1     ; No output delay, min/max delays, false-path exceptions, or max skew assignments found ;
; FILTER_CH2     ; No output delay, min/max delays, false-path exceptions, or max skew assignments found ;
; I2S4L_BCK      ; No output delay, min/max delays, false-path exceptions, or max skew assignments found ;
; I2S4L_DATAL[0] ; No output delay, min/max delays, false-path exceptions, or max skew assignments found ;
; I2S4L_DATAL[1] ; No output delay, min/max delays, false-path exceptions, or max skew assignments found ;
; I2S4L_DATAL[2] ; No output delay, min/max delays, false-path exceptions, or max skew assignments found ;
; I2S4L_DATAL[3] ; No output delay, min/max delays, false-path exceptions, or max skew assignments found ;
; I2S4L_DATAR[0] ; No output delay, min/max delays, false-path exceptions, or max skew assignments found ;
; I2S4L_DATAR[1] ; No output delay, min/max delays, false-path exceptions, or max skew assignments found ;
; I2S4L_DATAR[2] ; No output delay, min/max delays, false-path exceptions, or max skew assignments found ;
; I2S4L_DATAR[3] ; No output delay, min/max delays, false-path exceptions, or max skew assignments found ;
; OUT_PIN11      ; No output delay, min/max delays, false-path exceptions, or max skew assignments found ;
; SE_CH1         ; No output delay, min/max delays, false-path exceptions, or max skew assignments found ;
; SE_CH2         ; No output delay, min/max delays, false-path exceptions, or max skew assignments found ;
; SPDIFO         ; No output delay, min/max delays, false-path exceptions, or max skew assignments found ;
; UIO_0          ; No output delay, min/max delays, false-path exceptions, or max skew assignments found ;
; UIO_1          ; No output delay, min/max delays, false-path exceptions, or max skew assignments found ;
; UIO_2          ; No output delay, min/max delays, false-path exceptions, or max skew assignments found ;
; UIO_3          ; No output delay, min/max delays, false-path exceptions, or max skew assignments found ;
; UIO_4          ; No output delay, min/max delays, false-path exceptions, or max skew assignments found ;
; UIO_5          ; No output delay, min/max delays, false-path exceptions, or max skew assignments found ;
; UIO_6          ; No output delay, min/max delays, false-path exceptions, or max skew assignments found ;
; UIO_7          ; No output delay, min/max delays, false-path exceptions, or max skew assignments found ;
; UIO_8          ; No output delay, min/max delays, false-path exceptions, or max skew assignments found ;
; UIO_9          ; No output delay, min/max delays, false-path exceptions, or max skew assignments found ;
; UIO_10         ; No output delay, min/max delays, false-path exceptions, or max skew assignments found ;
; nACTIVITY_LED  ; No output delay, min/max delays, false-path exceptions, or max skew assignments found ;
; nLED1_G        ; No output delay, min/max delays, false-path exceptions, or max skew assignments found ;
; nLED1_R        ; No output delay, min/max delays, false-path exceptions, or max skew assignments found ;
; nLED1_Y        ; No output delay, min/max delays, false-path exceptions, or max skew assignments found ;
; nLED2_G        ; No output delay, min/max delays, false-path exceptions, or max skew assignments found ;
; nLED2_R        ; No output delay, min/max delays, false-path exceptions, or max skew assignments found ;
; nLED2_Y        ; No output delay, min/max delays, false-path exceptions, or max skew assignments found ;
+----------------+---------------------------------------------------------------------------------------+


+----------------------------------------------------------------------------------------------------+
; Unconstrained Input Ports                                                                          ;
+-------------+--------------------------------------------------------------------------------------+
; Input Port  ; Comment                                                                              ;
+-------------+--------------------------------------------------------------------------------------+
; ADCL_BUSY   ; No input delay, min/max delays, false-path exceptions, or max skew assignments found ;
; ADCR_BUSY   ; No input delay, min/max delays, false-path exceptions, or max skew assignments found ;
; CLKIN_xN    ; No input delay, min/max delays, false-path exceptions, or max skew assignments found ;
; CONF[0]     ; No input delay, min/max delays, false-path exceptions, or max skew assignments found ;
; CONF[1]     ; No input delay, min/max delays, false-path exceptions, or max skew assignments found ;
; CONF[2]     ; No input delay, min/max delays, false-path exceptions, or max skew assignments found ;
; CONF[3]     ; No input delay, min/max delays, false-path exceptions, or max skew assignments found ;
; IN_PIN0     ; No input delay, min/max delays, false-path exceptions, or max skew assignments found ;
; IN_PIN1     ; No input delay, min/max delays, false-path exceptions, or max skew assignments found ;
; IN_PIN2     ; No input delay, min/max delays, false-path exceptions, or max skew assignments found ;
; MASTER_LRCK ; No input delay, min/max delays, false-path exceptions, or max skew assignments found ;
+-------------+--------------------------------------------------------------------------------------+


+--------------------------------------------------------------------------------------------------------+
; Unconstrained Output Ports                                                                             ;
+----------------+---------------------------------------------------------------------------------------+
; Output Port    ; Comment                                                                               ;
+----------------+---------------------------------------------------------------------------------------+
; ADCL_CNV       ; No output delay, min/max delays, false-path exceptions, or max skew assignments found ;
; ADCL_SCK       ; No output delay, min/max delays, false-path exceptions, or max skew assignments found ;
; ADCR_CNV       ; No output delay, min/max delays, false-path exceptions, or max skew assignments found ;
; ADCR_SCK       ; No output delay, min/max delays, false-path exceptions, or max skew assignments found ;
; FILTER_CH1     ; No output delay, min/max delays, false-path exceptions, or max skew assignments found ;
; FILTER_CH2     ; No output delay, min/max delays, false-path exceptions, or max skew assignments found ;
; I2S4L_BCK      ; No output delay, min/max delays, false-path exceptions, or max skew assignments found ;
; I2S4L_DATAL[0] ; No output delay, min/max delays, false-path exceptions, or max skew assignments found ;
; I2S4L_DATAL[1] ; No output delay, min/max delays, false-path exceptions, or max skew assignments found ;
; I2S4L_DATAL[2] ; No output delay, min/max delays, false-path exceptions, or max skew assignments found ;
; I2S4L_DATAL[3] ; No output delay, min/max delays, false-path exceptions, or max skew assignments found ;
; I2S4L_DATAR[0] ; No output delay, min/max delays, false-path exceptions, or max skew assignments found ;
; I2S4L_DATAR[1] ; No output delay, min/max delays, false-path exceptions, or max skew assignments found ;
; I2S4L_DATAR[2] ; No output delay, min/max delays, false-path exceptions, or max skew assignments found ;
; I2S4L_DATAR[3] ; No output delay, min/max delays, false-path exceptions, or max skew assignments found ;
; OUT_PIN11      ; No output delay, min/max delays, false-path exceptions, or max skew assignments found ;
; SE_CH1         ; No output delay, min/max delays, false-path exceptions, or max skew assignments found ;
; SE_CH2         ; No output delay, min/max delays, false-path exceptions, or max skew assignments found ;
; SPDIFO         ; No output delay, min/max delays, false-path exceptions, or max skew assignments found ;
; UIO_0          ; No output delay, min/max delays, false-path exceptions, or max skew assignments found ;
; UIO_1          ; No output delay, min/max delays, false-path exceptions, or max skew assignments found ;
; UIO_2          ; No output delay, min/max delays, false-path exceptions, or max skew assignments found ;
; UIO_3          ; No output delay, min/max delays, false-path exceptions, or max skew assignments found ;
; UIO_4          ; No output delay, min/max delays, false-path exceptions, or max skew assignments found ;
; UIO_5          ; No output delay, min/max delays, false-path exceptions, or max skew assignments found ;
; UIO_6          ; No output delay, min/max delays, false-path exceptions, or max skew assignments found ;
; UIO_7          ; No output delay, min/max delays, false-path exceptions, or max skew assignments found ;
; UIO_8          ; No output delay, min/max delays, false-path exceptions, or max skew assignments found ;
; UIO_9          ; No output delay, min/max delays, false-path exceptions, or max skew assignments found ;
; UIO_10         ; No output delay, min/max delays, false-path exceptions, or max skew assignments found ;
; nACTIVITY_LED  ; No output delay, min/max delays, false-path exceptions, or max skew assignments found ;
; nLED1_G        ; No output delay, min/max delays, false-path exceptions, or max skew assignments found ;
; nLED1_R        ; No output delay, min/max delays, false-path exceptions, or max skew assignments found ;
; nLED1_Y        ; No output delay, min/max delays, false-path exceptions, or max skew assignments found ;
; nLED2_G        ; No output delay, min/max delays, false-path exceptions, or max skew assignments found ;
; nLED2_R        ; No output delay, min/max delays, false-path exceptions, or max skew assignments found ;
; nLED2_Y        ; No output delay, min/max delays, false-path exceptions, or max skew assignments found ;
+----------------+---------------------------------------------------------------------------------------+


+--------------------------+
; Timing Analyzer Messages ;
+--------------------------+
Info: *******************************************************************
Info: Running Quartus Prime Timing Analyzer
    Info: Version 23.1std.0 Build 991 11/28/2023 Patches 0.02std SC Lite Edition
    Info: Processing started: Wed Sep 10 16:09:05 2025
Info: Command: quartus_sta AA2380_MAXV -c AA2380_MAXV_v001
Info: qsta_default_script.tcl version: #1
Warning (18236): Number of processors has not been specified which may cause overloading on shared machines.  Set the global assignment NUM_PARALLEL_PROCESSORS in your QSF to an appropriate value for best performance.
Info (20030): Parallel compilation is enabled and will use 4 of the 4 processors detected
Info (21077): Low junction temperature is 0 degrees C
Info (21077): High junction temperature is 85 degrees C
Info (334003): Started post-fitting delay annotation
Info (334004): Delay annotation completed successfully
Warning (335093): The Timing Analyzer is analyzing 15 combinational loops as latches. For more details, run the Check Timing command in the Timing Analyzer or view the "User-Specified and Inferred Latches" table in the Analysis & Synthesis report.
Info (332104): Reading SDC File: 'AA2380_MAXV_v001.sdc'
Warning (332174): Ignored filter at AA2380_MAXV_v001.sdc(42): F7_ReadyII:inst10|CLKSLOW could not be matched with a register File: D:/GIT/AA2380_MAXV/AA2380_MAXV_v001.sdc Line: 42
Warning (332049): Ignored create_clock at AA2380_MAXV_v001.sdc(42): Argument <targets> is an empty collection File: D:/GIT/AA2380_MAXV/AA2380_MAXV_v001.sdc Line: 42
    Info (332050): create_clock -name {F7_ReadyII:inst10|CLKSLOW} -period 1.000 -waveform { 0.000 0.500 } [get_registers {F7_ReadyII:inst10|CLKSLOW}] File: D:/GIT/AA2380_MAXV/AA2380_MAXV_v001.sdc Line: 42
Warning (332174): Ignored filter at AA2380_MAXV_v001.sdc(43): F0_ClockEnable_BETA2:inst4|Fso could not be matched with a register File: D:/GIT/AA2380_MAXV/AA2380_MAXV_v001.sdc Line: 43
Warning (332049): Ignored create_clock at AA2380_MAXV_v001.sdc(43): Argument <targets> is an empty collection File: D:/GIT/AA2380_MAXV/AA2380_MAXV_v001.sdc Line: 43
    Info (332050): create_clock -name {F0_ClockEnable_BETA2:inst4|Fso} -period 1.000 -waveform { 0.000 0.500 } [get_registers {F0_ClockEnable_BETA2:inst4|Fso}] File: D:/GIT/AA2380_MAXV/AA2380_MAXV_v001.sdc Line: 43
Warning (332174): Ignored filter at AA2380_MAXV_v001.sdc(44): F0_ctrl_encoder_B:inst1|Rotate could not be matched with a register File: D:/GIT/AA2380_MAXV/AA2380_MAXV_v001.sdc Line: 44
Warning (332049): Ignored create_clock at AA2380_MAXV_v001.sdc(44): Argument <targets> is an empty collection File: D:/GIT/AA2380_MAXV/AA2380_MAXV_v001.sdc Line: 44
    Info (332050): create_clock -name {F0_ctrl_encoder_B:inst1|Rotate} -period 1.000 -waveform { 0.000 0.500 } [get_registers {F0_ctrl_encoder_B:inst1|Rotate}] File: D:/GIT/AA2380_MAXV/AA2380_MAXV_v001.sdc Line: 44
Warning (332174): Ignored filter at AA2380_MAXV_v001.sdc(45): CLK100M could not be matched with a port File: D:/GIT/AA2380_MAXV/AA2380_MAXV_v001.sdc Line: 45
Warning (332049): Ignored create_clock at AA2380_MAXV_v001.sdc(45): Argument <targets> is an empty collection File: D:/GIT/AA2380_MAXV/AA2380_MAXV_v001.sdc Line: 45
    Info (332050): create_clock -name {CLK100M} -period 10.000 -waveform { 0.000 5.000 } [get_ports { CLK100M }] File: D:/GIT/AA2380_MAXV/AA2380_MAXV_v001.sdc Line: 45
Warning (332174): Ignored filter at AA2380_MAXV_v001.sdc(46): F0_ctrl_encoder_B:inst1|pushf could not be matched with a register File: D:/GIT/AA2380_MAXV/AA2380_MAXV_v001.sdc Line: 46
Warning (332049): Ignored create_clock at AA2380_MAXV_v001.sdc(46): Argument <targets> is an empty collection File: D:/GIT/AA2380_MAXV/AA2380_MAXV_v001.sdc Line: 46
    Info (332050): create_clock -name {F0_ctrl_encoder_B:inst1|pushf} -period 1.000 -waveform { 0.000 0.500 } [get_registers {F0_ctrl_encoder_B:inst1|pushf}] File: D:/GIT/AA2380_MAXV/AA2380_MAXV_v001.sdc Line: 46
Warning (332174): Ignored filter at AA2380_MAXV_v001.sdc(47): F0_ClockEnable_BETA2:inst4|nFS could not be matched with a register File: D:/GIT/AA2380_MAXV/AA2380_MAXV_v001.sdc Line: 47
Warning (332049): Ignored create_clock at AA2380_MAXV_v001.sdc(47): Argument <targets> is an empty collection File: D:/GIT/AA2380_MAXV/AA2380_MAXV_v001.sdc Line: 47
    Info (332050): create_clock -name {F0_ClockEnable_BETA2:inst4|nFS} -period 1.000 -waveform { 0.000 0.500 } [get_registers {F0_ClockEnable_BETA2:inst4|nFS}] File: D:/GIT/AA2380_MAXV/AA2380_MAXV_v001.sdc Line: 47
Warning (332174): Ignored filter at AA2380_MAXV_v001.sdc(48): F0_ClockEnable_BETA2:inst4|Fso128 could not be matched with a register File: D:/GIT/AA2380_MAXV/AA2380_MAXV_v001.sdc Line: 48
Warning (332049): Ignored create_clock at AA2380_MAXV_v001.sdc(48): Argument <targets> is an empty collection File: D:/GIT/AA2380_MAXV/AA2380_MAXV_v001.sdc Line: 48
    Info (332050): create_clock -name {F0_ClockEnable_BETA2:inst4|Fso128} -period 1.000 -waveform { 0.000 0.500 } [get_registers {F0_ClockEnable_BETA2:inst4|Fso128}] File: D:/GIT/AA2380_MAXV/AA2380_MAXV_v001.sdc Line: 48
Warning (332174): Ignored filter at AA2380_MAXV_v001.sdc(49): F0_ClockEnable_BETA2:inst4|clockDIV[3] could not be matched with a register File: D:/GIT/AA2380_MAXV/AA2380_MAXV_v001.sdc Line: 49
Warning (332049): Ignored create_clock at AA2380_MAXV_v001.sdc(49): Argument <targets> is an empty collection File: D:/GIT/AA2380_MAXV/AA2380_MAXV_v001.sdc Line: 49
    Info (332050): create_clock -name {F0_ClockEnable_BETA2:inst4|clockDIV[3]} -period 1.000 -waveform { 0.000 0.500 } [get_registers {F0_ClockEnable_BETA2:inst4|clockDIV[3]}] File: D:/GIT/AA2380_MAXV/AA2380_MAXV_v001.sdc Line: 49
Info (332142): No user constrained base clocks found in the design. Calling "derive_clocks -period 1.0"
Info (332105): Deriving Clocks
    Info (332105): create_clock -period 1.000 -name IN_PIN2 IN_PIN2
    Info (332105): create_clock -period 1.000 -name LUT_counter128P:inst11|LUTclk LUT_counter128P:inst11|LUTclk
    Info (332105): create_clock -period 1.000 -name CLKIN_xN CLKIN_xN
    Info (332105): create_clock -period 1.000 -name spi_slave:inst7|rx[0] spi_slave:inst7|rx[0]
    Info (332105): create_clock -period 1.000 -name F0_CE_CLOCKS:inst12|MCLKDV64 F0_CE_CLOCKS:inst12|MCLKDV64
    Info (332105): create_clock -period 1.000 -name F7_ReadyIII:inst8|CLK_1kHz F7_ReadyIII:inst8|CLK_1kHz
    Info (332105): create_clock -period 1.000 -name F0_CE_CLOCKS:inst12|MCLKDV8 F0_CE_CLOCKS:inst12|MCLKDV8
    Info (332105): create_clock -period 1.000 -name MASTER_LRCK MASTER_LRCK
Info: Found TIMING_ANALYZER_REPORT_SCRIPT_INCLUDE_DEFAULT_ANALYSIS = ON
Info: Can't run Report Timing Closure Recommendations. The current device family is not supported.
Critical Warning (332148): Timing requirements not met
Info (332146): Worst-case setup slack is -33.425
    Info (332119):     Slack       End Point TNS Clock 
    Info (332119): ========= =================== =====================
    Info (332119):   -33.425             -33.425 spi_slave:inst7|rx[0] 
    Info (332119):   -15.287            -134.185 F0_CE_CLOCKS:inst12|MCLKDV64 
    Info (332119):   -15.246            -443.389 IN_PIN2 
    Info (332119):   -14.329            -159.038 CLKIN_xN 
    Info (332119):   -13.425            -134.235 F7_ReadyIII:inst8|CLK_1kHz 
    Info (332119):    -9.028             -80.656 F0_CE_CLOCKS:inst12|MCLKDV8 
    Info (332119):    -6.806             -39.264 LUT_counter128P:inst11|LUTclk 
    Info (332119):    -6.022             -19.841 MASTER_LRCK 
Info (332146): Worst-case hold slack is -3.279
    Info (332119):     Slack       End Point TNS Clock 
    Info (332119): ========= =================== =====================
    Info (332119):    -3.279              -3.279 F0_CE_CLOCKS:inst12|MCLKDV64 
    Info (332119):     1.187               0.000 F0_CE_CLOCKS:inst12|MCLKDV8 
    Info (332119):     1.187               0.000 IN_PIN2 
    Info (332119):     3.351               0.000 CLKIN_xN 
    Info (332119):     3.386               0.000 LUT_counter128P:inst11|LUTclk 
    Info (332119):     3.777               0.000 MASTER_LRCK 
    Info (332119):     4.183               0.000 spi_slave:inst7|rx[0] 
    Info (332119):     5.217               0.000 F7_ReadyIII:inst8|CLK_1kHz 
Info (332146): Worst-case recovery slack is -11.814
    Info (332119):     Slack       End Point TNS Clock 
    Info (332119): ========= =================== =====================
    Info (332119):   -11.814            -225.926 F0_CE_CLOCKS:inst12|MCLKDV8 
    Info (332119):     0.961               0.000 IN_PIN2 
Info (332146): Worst-case removal slack is -3.973
    Info (332119):     Slack       End Point TNS Clock 
    Info (332119): ========= =================== =====================
    Info (332119):    -3.973            -175.989 IN_PIN2 
    Info (332119):     4.802               0.000 F0_CE_CLOCKS:inst12|MCLKDV8 
Info (332146): Worst-case minimum pulse width slack is -2.289
    Info (332119):     Slack       End Point TNS Clock 
    Info (332119): ========= =================== =====================
    Info (332119):    -2.289              -2.289 CLKIN_xN 
    Info (332119):    -2.289              -2.289 IN_PIN2 
    Info (332119):    -2.289              -2.289 MASTER_LRCK 
    Info (332119):     0.161               0.000 F0_CE_CLOCKS:inst12|MCLKDV64 
    Info (332119):     0.161               0.000 F0_CE_CLOCKS:inst12|MCLKDV8 
    Info (332119):     0.161               0.000 F7_ReadyIII:inst8|CLK_1kHz 
    Info (332119):     0.161               0.000 LUT_counter128P:inst11|LUTclk 
    Info (332119):     0.500               0.000 spi_slave:inst7|rx[0] 
Info (332001): The selected device family is not supported by the report_metastability command.
Info (332102): Design is not fully constrained for setup requirements
Info (332102): Design is not fully constrained for hold requirements
Info: Quartus Prime Timing Analyzer was successful. 0 errors, 19 warnings
    Info: Peak virtual memory: 4687 megabytes
    Info: Processing ended: Wed Sep 10 16:09:06 2025
    Info: Elapsed time: 00:00:01
    Info: Total CPU time (on all processors): 00:00:00


